abomasnow,460,snow-warning,soundproof,,173,1355,22,90,92,75,92,85,60,1124711
abomasnow-mega,10060,snow-warning,,,208,1850,27,90,132,105,132,105,30,6595039
abra,63,synchronize,inner-focus,magic-guard,62,195,9,25,20,15,105,55,90,7624251
absol,359,pressure,super-luck,justified,163,470,12,65,130,60,75,60,75,8487232
absol-mega,10057,magic-bounce,,,198,490,12,65,150,60,115,60,115,5887591
accelgor,617,hydration,sticky-hold,unburden,173,253,8,80,70,40,100,60,145,5807692
aegislash,,,,,,,,,,,,,6295916
aegislash-blade,10026,stance-change,,,250,530,17,60,140,50,140,50,60,8875840
aerodactyl,142,rock-head,pressure,unnerve,180,590,18,80,105,65,60,75,130,9881208
aerodactyl-mega,10042,tough-claws,,,215,790,21,80,135,85,70,95,150,9467885
aggron,306,sturdy,rock-head,heavy-metal,265,3600,21,70,110,180,60,60,50,1240228
aggron-mega,10053,filter,,,284,3950,22,70,140,230,60,80,50,5565186
aipom,190,run-away,pickup,skill-link,72,115,8,55,70,55,40,55,85,7597813
alakazam,65,synchronize,inner-focus,magic-guard,250,480,15,55,50,45,135,95,120,9847417
alakazam-mega,10037,trace,,,270,480,12,55,50,65,175,105,150,8547295
alcremie,869,sweet-veil,aroma-veil,,173,5,3,65,60,75,110,121,64,12044
alcremie-caramel-swirl-berry,,,,,,,,,,,,,5826888
alcremie-caramel-swirl-clover,,,,,,,,,,,,,10106611
alcremie-caramel-swirl-flower,,,,,,,,,,,,,4797572
alcremie-caramel-swirl-love,,,,,,,,,,,,,6998209
alcremie-caramel-swirl-plain,,,,,,,,,,,,,5456331
alcremie-caramel-swirl-ribbon,,,,,,,,,,,,,4957483
alcremie-caramel-swirl-star,,,,,,,,,,,,,7070478
alcremie-caramel-swirl-strawberry,,,,,,,,,,,,,5147844
alcremie-gmax,10223,sweet-veil,aroma-veil,,173,10000,300,65,60,75,110,121,64,5573673
alcremie-lemon-cream-berry,,,,,,,,,,,,,9962860
alcremie-lemon-cream-clover,,,,,,,,,,,,,10245039
alcremie-lemon-cream-flower,,,,,,,,,,,,,8744675
alcremie-lemon-cream-love,,,,,,,,,,,,,9837898
alcremie-lemon-cream-plain,,,,,,,,,,,,,2151363
alcremie-lemon-cream-ribbon,,,,,,,,,,,,,6400589
alcremie-lemon-cream-star,,,,,,,,,,,,,7220141
alcremie-lemon-cream-strawberry,,,,,,,,,,,,,1439142
alcremie-matcha-cream-berry,,,,,,,,,,,,,5167085
alcremie-matcha-cream-clover,,,,,,,,,,,,,1161948
alcremie-matcha-cream-flower,,,,,,,,,,,,,3306189
alcremie-matcha-cream-love,,,,,,,,,,,,,5679330
alcremie-matcha-cream-plain,,,,,,,,,,,,,5358791
alcremie-matcha-cream-ribbon,,,,,,,,,,,,,4547419
alcremie-matcha-cream-star,,,,,,,,,,,,,7495903
alcremie-matcha-cream-strawberry,,,,,,,,,,,,,809797
alcremie-mint-cream-berry,,,,,,,,,,,,,3647086
alcremie-mint-cream-clover,,,,,,,,,,,,,10199439
alcremie-mint-cream-flower,,,,,,,,,,,,,5212511
alcremie-mint-cream-love,,,,,,,,,,,,,9036433
alcremie-mint-cream-plain,,,,,,,,,,,,,9654229
alcremie-mint-cream-ribbon,,,,,,,,,,,,,6926161
alcremie-mint-cream-star,,,,,,,,,,,,,6656215
alcremie-mint-cream-strawberry,,,,,,,,,,,,,4880438
alcremie-rainbow-swirl-berry,,,,,,,,,,,,,2752222
alcremie-rainbow-swirl-clover,,,,,,,,,,,,,5083966
alcremie-rainbow-swirl-flower,,,,,,,,,,,,,6186201
alcremie-rainbow-swirl-love,,,,,,,,,,,,,7997329
alcremie-rainbow-swirl-plain,,,,,,,,,,,,,5183917
alcremie-rainbow-swirl-ribbon,,,,,,,,,,,,,5367378
alcremie-rainbow-swirl-star,,,,,,,,,,,,,8477945
alcremie-rainbow-swirl-strawberry,,,,,,,,,,,,,9046066
alcremie-ruby-cream-berry,,,,,,,,,,,,,5878602
alcremie-ruby-cream-clover,,,,,,,,,,,,,20720
alcremie-ruby-cream-flower,,,,,,,,,,,,,8277102
alcremie-ruby-cream-love,,,,,,,,,,,,,10169533
alcremie-ruby-cream-plain,,,,,,,,,,,,,7677684
alcremie-ruby-cream-ribbon,,,,,,,,,,,,,7156309
alcremie-ruby-cream-star,,,,,,,,,,,,,9617286
alcremie-ruby-cream-strawberry,,,,,,,,,,,,,4582714
alcremie-ruby-swirl-berry,,,,,,,,,,,,,5556158
alcremie-ruby-swirl-clover,,,,,,,,,,,,,7668314
alcremie-ruby-swirl-flower,,,,,,,,,,,,,6752757
alcremie-ruby-swirl-love,,,,,,,,,,,,,7091429
alcremie-ruby-swirl-plain,,,,,,,,,,,,,3338646
alcremie-ruby-swirl-ribbon,,,,,,,,,,,,,7534390
alcremie-ruby-swirl-star,,,,,,,,,,,,,4338373
alcremie-ruby-swirl-strawberry,,,,,,,,,,,,,1171330
alcremie-salted-cream-berry,,,,,,,,,,,,,9977706
alcremie-salted-cream-clover,,,,,,,,,,,,,8452161
alcremie-salted-cream-flower,,,,,,,,,,,,,8245033
alcremie-salted-cream-love,,,,,,,,,,,,,2971726
alcremie-salted-cream-plain,,,,,,,,,,,,,2524290
alcremie-salted-cream-ribbon,,,,,,,,,,,,,5108230
alcremie-salted-cream-star,,,,,,,,,,,,,6376557
alcremie-salted-cream-strawberry,,,,,,,,,,,,,7207235
alcremie-vanilla-cream-berry,,,,,,,,,,,,,6148194
alcremie-vanilla-cream-clover,,,,,,,,,,,,,4352295
alcremie-vanilla-cream-flower,,,,,,,,,,,,,701712
alcremie-vanilla-cream-love,,,,,,,,,,,,,629127
alcremie-vanilla-cream-plain,,,,,,,,,,,,,8264437
alcremie-vanilla-cream-ribbon,,,,,,,,,,,,,5903007
alcremie-vanilla-cream-star,,,,,,,,,,,,,1401064
alcremie-vanilla-cream-strawberry,,,,,,,,,,,,,6488246
alomomola,594,healer,hydration,regenerator,165,316,12,165,75,80,40,45,65,2608708
altaria,334,natural-cure,cloud-nine,,172,206,11,75,70,90,70,105,80,2123826
altaria-mega,10067,pixilate,,,207,206,15,75,110,110,110,105,80,5052564
amaura,698,refrigerate,snow-warning,,72,252,13,77,59,50,67,63,46,3013464
ambipom,424,technician,pickup,skill-link,169,203,12,75,100,66,60,66,115,3069421
amoonguss,591,effect-spore,regenerator,,162,105,6,114,85,70,85,80,30,2831042
ampharos,181,static,plus,,230,615,14,90,75,85,115,90,55,10037714
ampharos-mega,10045,mold-breaker,,,275,615,14,90,95,105,165,110,45,1498856
anorith,347,battle-armor,swift-swim,,71,125,7,45,95,50,40,50,75,5410313
appletun,842,ripen,gluttony,thick-fat,170,130,4,110,85,80,100,80,30,379982
applin,840,ripen,gluttony,bulletproof,52,5,2,40,40,80,40,40,20,5975052
araquanid,752,water-bubble,water-absorb,,159,820,18,68,70,92,50,132,42,2047469
arbok,24,intimidate,shed-skin,unnerve,157,650,35,60,95,69,65,79,80,640901
arcanine,59,intimidate,flash-fire,justified,194,1550,19,90,110,80,100,80,95,569688
arcanine-hisui,10230,intimidate,flash-fire,justified,0,1680,20,95,115,80,95,80,90,5746413
arcanine-hisui-noble,,,,,,,,,,,,,5760633
arceus,493,multitype,,,324,3200,32,120,120,120,120,120,120,9296765
arceus-bug,,,,,,,,,,,,,9186321
arceus-dark,,,,,,,,,,,,,1357947
arceus-dragon,,,,,,,,,,,,,7148949
arceus-electric,,,,,,,,,,,,,10295348
arceus-fairy,,,,,,,,,,,,,1840194
arceus-fighting,,,,,,,,,,,,,1350650
arceus-fire,,,,,,,,,,,,,4575404
arceus-flying,,,,,,,,,,,,,4130062
arceus-ghost,,,,,,,,,,,,,1832829
arceus-grass,,,,,,,,,,,,,6878119
arceus-ground,,,,,,,,,,,,,6345408
arceus-ice,,,,,,,,,,,,,9593773
arceus-poison,,,,,,,,,,,,,10151277
arceus-psychic,,,,,,,,,,,,,4112747
arceus-rock,,,,,,,,,,,,,4199543
arceus-steel,,,,,,,,,,,,,4605528
arceus-unknown,,,,,,,,,,,,,8898539
arceus-water,,,,,,,,,,,,,7736370
archen,566,defeatist,,,71,95,5,55,112,45,74,45,70,5737863
archeops,567,defeatist,,,177,320,14,75,140,65,112,65,110,95967
arctovish,883,water-absorb,ice-body,slush-rush,177,1750,20,90,90,100,80,90,55,1048902
arctozolt,881,volt-absorb,static,slush-rush,177,1500,23,90,100,90,90,80,55,596364
ariados,168,swarm,insomnia,sniper,140,335,11,70,90,70,60,70,40,5192394
armaldo,348,battle-armor,swift-swim,,173,682,15,75,125,100,70,80,45,10188746
aromatisse,683,healer,aroma-veil,,162,155,8,101,72,72,99,89,29,9240912
aron,304,sturdy,rock-head,heavy-metal,66,600,4,50,70,100,40,40,30,5629633
arrokuda,846,swift-swim,propeller-tail,,56,10,5,41,63,40,40,30,66,6484198
articuno,144,pressure,snow-cloak,,290,554,17,90,85,100,95,125,85,6036978
articuno-galar,10169,competitive,,,290,509,17,90,85,85,125,100,95,1980677
audino,531,healer,regenerator,klutz,390,310,11,103,60,86,60,86,50,8171761
audino-mega,10069,healer,,,425,320,15,103,60,126,80,126,50,9180233
aurorus,699,refrigerate,snow-warning,,104,2250,27,123,77,72,99,92,58,2061474
avalugg,713,own-tempo,ice-body,sturdy,180,5050,20,95,117,184,44,46,28,8905904
avalugg-hisui,10243,strong-jaw,ice-body,sturdy,0,2624,14,95,127,184,34,36,38,6431676
avalugg-hisui-noble,,,,,,,,,,,,,5464778
axew,610,rivalry,mold-breaker,unnerve,64,180,6,46,87,60,30,40,57,81945
azelf,482,levitate,,,290,3,3,75,125,70,125,70,115,1885854
azumarill,184,thick-fat,huge-power,sap-sipper,210,285,8,100,50,80,60,80,50,4538300
azurill,298,thick-fat,huge-power,sap-sipper,38,20,2,50,20,40,20,40,20,5036950
bagon,371,rock-head,sheer-force,,60,421,6,45,75,60,40,30,50,9033120
baltoy,343,levitate,,,60,215,5,40,40,55,40,70,55,6409811
banette,354,insomnia,frisk,cursed-body,159,125,11,64,115,65,83,63,65,10033675
banette-mega,10056,prankster,,,194,130,12,64,165,75,93,83,75,5415060
barbaracle,689,tough-claws,sniper,pickpocket,175,960,13,72,105,115,54,86,68,3039834
barboach,339,oblivious,anticipation,hydration,58,19,4,50,48,43,46,41,60,3888868
barraskewda,847,swift-swim,propeller-tail,,172,300,13,61,123,60,60,50,136,5247940
basculegion,,,,,,,,,,,,,4618614
basculin,,,,,,,,,,,,,10054712
basculin-blue-striped,10016,rock-head,adaptability,mold-breaker,161,180,10,70,92,65,80,55,98,8181250
basculin-white-striped,10247,rattled,adaptability,mold-breaker,0,180,10,70,92,65,80,55,98,3785613
bastiodon,411,sturdy,soundproof,,173,1495,13,60,52,168,47,138,30,619080
bayleef,153,overgrow,leaf-guard,,142,158,12,60,62,80,63,80,60,4438071
beartic,614,snow-cloak,slush-rush,swift-swim,177,2600,26,95,130,80,70,80,50,8917698
beautifly,267,swarm,rivalry,,178,284,10,60,70,50,100,50,65,8963667
beedrill,15,swarm,sniper,,178,295,10,65,90,40,45,80,75,3408087
beedrill-mega,10090,adaptability,,,223,405,14,65,150,40,15,80,145,1793446
beheeyem,606,telepathy,synchronize,analytic,170,345,10,75,75,75,125,95,40,3427573
beldum,374,clear-body,light-metal,,60,952,6,40,55,80,35,60,30,9491655
bellossom,182,chlorophyll,healer,,245,58,4,75,80,95,90,100,50,5099751
bellsprout,69,chlorophyll,gluttony,,60,40,7,50,75,35,70,30,40,1090851
bergmite,712,own-tempo,ice-body,sturdy,61,995,10,55,69,85,32,35,28,2287886
bewear,760,fluffy,klutz,unnerve,175,1350,21,120,125,80,55,60,60,2456560
bibarel,400,simple,unaware,moody,144,315,10,79,85,60,55,60,71,5741177
bidoof,399,simple,unaware,moody,50,200,5,59,45,40,35,40,31,3292770
binacle,688,tough-claws,sniper,pickpocket,61,310,5,42,52,67,39,56,50,1180274
bisharp,625,defiant,inner-focus,pressure,172,700,16,65,125,100,60,70,70,10208769
blacephalon,806,beast-boost,,,285,130,18,53,127,53,151,79,107,4778119
blastoise,9,torrent,rain-dish,,265,855,16,79,83,100,85,105,78,437177
blastoise-gmax,10197,torrent,rain-dish,,239,10000,250,79,83,100,85,105,78,3489413
blastoise-mega,10036,mega-launcher,,,284,1011,16,79,103,120,135,115,78,5393890
blaziken,257,blaze,speed-boost,,265,520,19,80,120,70,110,70,80,742618
blaziken-mega,10050,speed-boost,,,284,520,19,80,160,80,130,80,100,2886611
blipbug,824,swarm,compound-eyes,telepathy,36,80,4,25,20,20,25,45,45,1963222
blissey,242,natural-cure,serene-grace,healer,635,468,15,255,10,10,75,135,55,5440831
blitzle,522,lightning-rod,motor-drive,sap-sipper,59,298,8,45,60,32,50,32,76,6210482
boldore,525,sturdy,weak-armor,sand-force,137,1020,9,70,105,105,50,40,20,6907622
boltund,836,strong-jaw,competitive,,172,340,10,69,90,60,90,60,121,9576340
bonsly,438,sturdy,rock-head,rattled,58,150,5,50,80,95,10,45,10,9396862
bouffalant,626,reckless,sap-sipper,soundproof,172,946,16,95,110,95,40,95,55,8990332
bounsweet,761,leaf-guard,oblivious,sweet-veil,42,32,3,42,30,38,30,38,32,9915208
braixen,654,blaze,magician,,143,145,10,59,59,58,90,70,73,4456093
braviary,628,keen-eye,sheer-force,defiant,179,410,15,100,123,75,57,75,80,7277921
braviary-hisui,10240,keen-eye,sheer-force,defiant,0,434,17,110,83,70,112,70,65,6023430
breloom,286,effect-spore,poison-heal,technician,161,392,12,60,130,80,60,60,70,9462283
brionne,729,torrent,liquid-voice,,147,175,6,60,69,69,91,81,50,10089273
bronzong,437,levitate,heatproof,heavy-metal,175,1870,13,67,89,116,79,116,33,3772318
bronzor,436,levitate,heatproof,heavy-metal,60,605,5,57,24,86,24,86,23,4028393
bruxish,779,dazzling,strong-jaw,wonder-skin,166,190,9,68,105,70,70,70,92,9917847
budew,406,natural-cure,poison-point,leaf-guard,56,12,2,40,30,35,50,70,55,6856214
buizel,418,swift-swim,water-veil,,66,295,7,55,65,35,60,30,85,3656038
bulbasaur,1,overgrow,chlorophyll,,64,69,7,45,49,49,65,65,45,9585109
buneary,427,run-away,klutz,limber,70,55,4,55,66,44,44,56,85,9069991
bunnelby,659,pickup,cheek-pouch,huge-power,47,50,4,38,36,38,32,36,57,539535
burmy,412,shed-skin,overcoat,,45,34,2,40,29,45,29,45,36,4416774
burmy-sandy,,,,,,,,,,,,,6575627
burmy-trash,,,,,,,,,,,,,2236096
butterfree,12,compound-eyes,tinted-lens,,198,320,11,60,45,50,90,80,70,9011855
butterfree-gmax,10198,compound-eyes,tinted-lens,,178,10000,170,60,45,50,90,80,70,7639498
buzzwole,794,beast-boost,,,285,3336,24,107,139,139,53,53,79,4010615
cacnea,331,sand-veil,water-absorb,,67,513,4,50,85,40,85,40,35,798736
cacturne,332,sand-veil,water-absorb,,166,774,13,70,115,60,115,60,55,6008134
calyrex,898,unnerve,,,250,77,11,100,80,80,80,80,80,6695157
calyrex-ice-rider,,,,,,,,,,,,,3080401
calyrex-shadow-rider,,,,,,,,,,,,,944052
camerupt,323,magma-armor,solid-rock,anger-point,161,2200,19,70,100,70,105,75,40,6688322
camerupt-mega,10087,sheer-force,,,196,3205,25,70,120,100,145,105,20,8866734
carbink,703,clear-body,sturdy,,100,57,3,50,50,150,50,150,50,9460161
carkol,838,steam-engine,flame-body,flash-fire,144,780,11,80,60,90,60,70,50,8938253
carnivine,455,levitate,,,159,270,14,74,100,72,90,72,46,7731180
carracosta,565,solid-rock,sturdy,swift-swim,173,810,12,74,108,133,83,65,32,403540
carvanha,318,rough-skin,speed-boost,,61,208,8,45,90,20,65,20,65,7822775
cascoon,268,shed-skin,,,72,115,7,50,35,55,25,25,15,9028988
castform,351,forecast,,,147,8,3,70,70,70,70,70,70,1585922
castform-rainy,10014,forecast,,,147,8,3,70,70,70,70,70,70,2033054
castform-snowy,10015,forecast,,,147,8,3,70,70,70,70,70,70,8161162
castform-sunny,10013,forecast,,,147,8,3,70,70,70,70,70,70,8102942
caterpie,10,shield-dust,run-away,,39,29,3,45,30,35,20,20,45,8753819
celebi,251,natural-cure,,,300,50,6,100,100,100,100,100,100,7404200
celesteela,797,beast-boost,,,285,9999,92,97,101,103,107,101,61,3791542
centiskorch,851,flash-fire,white-smoke,flame-body,184,1200,30,100,115,65,90,90,65,10005851
centiskorch-gmax,10220,flash-fire,white-smoke,flame-body,184,10000,750,100,115,65,90,90,65,5259730
chandelure,609,flash-fire,flame-body,infiltrator,260,343,10,60,55,90,145,90,80,5122858
chansey,113,natural-cure,serene-grace,healer,395,346,11,250,5,5,35,105,50,8411071
charizard,6,blaze,solar-power,,267,905,17,78,84,78,109,85,100,1386603
charizard-gmax,10196,blaze,solar-power,,240,10000,280,78,84,78,109,85,100,417093
charizard-mega-x,10034,tough-claws,,,285,1105,17,78,130,111,130,85,100,3833899
charizard-mega-y,10035,drought,,,285,1005,17,78,104,78,159,115,100,6520222
charjabug,737,battery,,,140,105,5,57,82,95,55,75,36,1945967
charmander,4,blaze,solar-power,,62,85,6,39,52,43,60,50,65,7117702
charmeleon,5,blaze,solar-power,,142,190,11,58,64,58,80,65,80,9119267
chatot,441,keen-eye,tangled-feet,big-pecks,144,19,5,76,65,45,92,42,91,4445695
cherrim,421,flower-gift,,,158,93,5,70,60,70,87,78,85,9533810
cherrim-sunshine,,,,,,,,,,,,,7079740
cherubi,420,chlorophyll,,,55,33,4,45,35,45,62,53,35,2549863
chesnaught,652,overgrow,bulletproof,,239,900,16,88,107,122,74,75,64,9346190
chespin,650,overgrow,bulletproof,,63,90,4,56,61,65,48,45,38,3597871
chewtle,833,strong-jaw,shell-armor,swift-swim,57,85,3,50,64,50,38,38,44,10094037
chikorita,152,overgrow,leaf-guard,,64,64,9,45,49,65,49,65,45,5390895
chimchar,390,blaze,iron-fist,,62,62,5,44,58,44,58,44,61,10254218
chimecho,358,levitate,,,159,10,6,75,50,80,95,90,65,1809611
chinchou,170,volt-absorb,illuminate,water-absorb,66,120,5,75,38,38,56,56,67,515816
chingling,433,levitate,,,57,6,2,45,30,50,65,50,45,5406912
cinccino,573,cute-charm,technician,skill-link,165,75,5,75,95,60,65,60,115,3699649
cinderace,815,blaze,libero,,265,330,14,80,116,75,65,75,119,10179209
cinderace-gmax,10210,blaze,libero,,265,10000,270,80,116,75,65,75,119,2371704
clamperl,366,shell-armor,rattled,,69,525,4,35,64,85,74,55,32,654413
clauncher,692,mega-launcher,,,66,83,5,50,53,62,58,63,44,8094521
clawitzer,693,mega-launcher,,,100,353,13,71,73,88,120,89,59,4325239
claydol,344,levitate,,,175,1080,15,60,70,105,70,120,75,9304106
clefable,36,cute-charm,magic-guard,unaware,242,400,13,95,70,73,95,90,60,8288624
clefairy,35,cute-charm,magic-guard,friend-guard,113,75,6,70,45,48,60,65,35,4966819
cleffa,173,cute-charm,magic-guard,friend-guard,44,30,3,50,25,28,45,55,15,1916623
clobbopus,852,limber,technician,,62,40,6,50,68,60,50,50,32,6306077
cloyster,91,shell-armor,skill-link,overcoat,184,1325,15,50,95,180,85,45,70,8887167
coalossal,839,steam-engine,flame-body,flash-fire,255,3105,28,110,80,120,80,90,30,10125499
coalossal-gmax,10215,steam-engine,flame-body,flash-fire,255,10000,420,110,80,120,80,90,30,9274631
cobalion,638,justified,,,290,2500,21,91,90,129,90,72,108,6449920
cofagrigus,563,mummy,,,169,765,17,58,50,145,95,105,30,3127316
combee,415,honey-gather,hustle,,49,55,3,30,30,42,30,42,70,3956437
combusken,256,blaze,speed-boost,,142,195,9,60,85,60,85,60,55,7543865
comfey,764,flower-veil,triage,natural-cure,170,3,1,51,52,90,82,110,100,970637
conkeldurr,534,guts,sheer-force,iron-fist,253,870,14,105,140,95,55,65,45,3739674
copperajah,879,sheer-force,heavy-metal,,175,6500,30,122,130,69,80,69,30,9699274
copperajah-gmax,10224,sheer-force,heavy-metal,,175,10000,230,122,130,69,80,69,30,6061418
corphish,341,hyper-cutter,shell-armor,adaptability,62,115,6,43,80,65,50,35,35,4071595
corsola,222,hustle,natural-cure,regenerator,144,50,6,65,55,95,65,95,35,2508894
corsola-galar,10173,weak-armor,cursed-body,,144,5,6,60,55,100,65,100,30,6413143
corviknight,823,pressure,unnerve,mirror-armor,248,750,22,98,87,105,53,85,67,8527625
corviknight-gmax,10212,pressure,unnerve,mirror-armor,248,10000,140,98,87,105,53,85,67,9358569
corvisquire,822,keen-eye,unnerve,big-pecks,128,160,8,68,67,55,43,55,77,4733325
cosmoem,790,sturdy,,,140,9999,1,43,29,131,29,131,37,2958139
cosmog,789,unaware,,,40,1,2,43,29,31,29,31,37,2954435
cottonee,546,prankster,infiltrator,chlorophyll,56,6,3,40,27,60,37,50,66,6935513
crabominable,740,hyper-cutter,iron-fist,anger-point,167,1800,17,97,132,77,62,67,43,4658600
crabrawler,739,hyper-cutter,iron-fist,anger-point,68,70,6,47,82,57,42,47,63,8972753
cradily,346,suction-cups,storm-drain,,173,604,15,86,81,97,81,107,43,6198989
cramorant,845,gulp-missile,,,166,180,8,70,85,55,85,95,85,897459
cramorant-gorging,10183,gulp-missile,,,166,180,8,70,85,55,85,95,85,9404991
cramorant-gulping,10182,gulp-missile,,,166,180,8,70,85,55,85,95,85,1457019
cranidos,408,mold-breaker,sheer-force,,70,315,9,67,125,40,30,30,58,1016677
crawdaunt,342,hyper-cutter,shell-armor,adaptability,164,328,11,63,120,85,90,55,55,1949892
cresselia,488,levitate,,,300,856,15,120,70,120,75,130,85,8187889
croagunk,453,anticipation,dry-skin,poison-touch,60,230,7,48,61,40,61,40,50,4686352
crobat,169,inner-focus,infiltrator,,268,750,18,85,90,80,70,80,130,886993
croconaw,159,torrent,sheer-force,,142,250,11,65,80,80,59,63,58,2981218
crustle,558,sturdy,shell-armor,weak-armor,170,2000,14,70,105,125,65,75,45,4218179
cryogonal,615,levitate,,,180,1480,11,80,50,50,95,135,105,1875526
cubchoo,613,snow-cloak,slush-rush,rattled,61,85,5,55,70,40,60,40,40,154402
cubone,104,rock-head,lightning-rod,battle-armor,64,65,4,50,50,95,40,50,35,8514255
cufant,878,sheer-force,heavy-metal,,66,1000,12,72,80,49,40,49,40,339922
cursola,864,weak-armor,perish-body,,179,4,10,60,95,50,145,130,30,8504749
cutiefly,742,honey-gather,shield-dust,sweet-veil,61,2,1,40,45,40,55,40,84,2103498
cyndaquil,155,blaze,flash-fire,,62,79,5,39,52,43,60,50,65,5734011
darkrai,491,bad-dreams,,,270,505,15,70,90,90,135,90,125,2693572
darmanitan,,,,,,,,,,,,,7450038
darmanitan-galar,,,,,,,,,,,,,3358703
darmanitan-galar-zen,10178,gorilla-tactics,zen-mode,,189,1200,17,105,160,55,30,55,135,7803607
darmanitan-zen,10017,sheer-force,zen-mode,,189,929,13,105,30,105,140,105,55,7743707
dartrix,723,overgrow,long-reach,,147,160,7,78,75,75,70,70,52,2646650
darumaka,554,hustle,inner-focus,,63,375,6,70,90,45,15,45,50,6919594
darumaka-galar,10176,hustle,inner-focus,,63,400,7,70,90,45,15,45,50,1237085
decidueye,724,overgrow,long-reach,,265,366,16,78,107,75,100,100,70,1505808
decidueye-hisui,10244,overgrow,long-reach,,0,370,16,88,112,80,95,95,60,366902
dedenne,702,cheek-pouch,pickup,plus,151,22,2,67,58,57,81,67,101,6280729
deerling,585,chlorophyll,sap-sipper,serene-grace,67,195,6,60,60,50,40,50,75,5644935
deerling-autumn,,,,,,,,,,,,,24
deerling-summer,,,,,,,,,,,,,1157697
deerling-winter,,,,,,,,,,,,,8260175
deino,633,hustle,,,60,173,8,52,65,50,45,50,38,553496
delcatty,301,cute-charm,normalize,wonder-skin,140,326,11,70,65,65,55,55,90,8572862
delibird,225,vital-spirit,hustle,insomnia,116,160,9,45,55,45,65,45,75,9662744
delphox,655,blaze,magician,,240,390,15,75,69,72,114,100,104,1919375
deoxys,,,,,,,,,,,,,9694247
deoxys-attack,10001,pressure,,,270,608,17,50,180,20,180,20,150,7787639
deoxys-defense,10002,pressure,,,270,608,17,50,70,160,70,160,90,4652589
deoxys-speed,10003,pressure,,,270,608,17,50,95,90,95,90,180,8304764
dewgong,87,thick-fat,hydration,ice-body,166,1200,17,90,70,80,70,95,70,6987838
dewott,502,torrent,shell-armor,,145,245,8,75,75,60,83,60,60,85211
dewpider,751,water-bubble,water-absorb,,54,40,3,38,40,52,40,72,27,6608202
dhelmise,781,steelworker,,,181,2100,39,70,131,100,86,90,40,6529861
dialga,483,pressure,telepathy,,340,6830,54,100,120,120,150,100,90,1516771
dialga-origin,10245,pressure,telepathy,,0,8487,70,100,100,120,150,120,90,3159835
diancie,719,clear-body,,,300,88,7,50,100,150,100,150,50,9088973
diancie-mega,10075,magic-bounce,,,315,278,11,50,160,110,160,110,110,5921439
diggersby,660,pickup,cheek-pouch,huge-power,148,424,10,85,56,77,50,77,78,6977331
diglett,50,sand-veil,arena-trap,sand-force,53,8,2,10,55,25,35,45,95,3487287
diglett-alola,10105,sand-veil,tangling-hair,sand-force,53,10,2,10,55,30,35,45,90,1583364
ditto,132,limber,imposter,,101,40,3,48,48,48,48,48,48,2829104
dodrio,85,run-away,early-bird,tangled-feet,165,852,18,60,110,70,60,60,110,3635939
doduo,84,run-away,early-bird,tangled-feet,62,392,14,35,85,45,35,35,75,3923071
donphan,232,sturdy,sand-veil,,175,1200,11,90,120,120,60,60,50,2907233
dottler,825,swarm,compound-eyes,telepathy,117,195,4,50,35,80,50,90,30,6016853
doublade,680,no-guard,,,157,45,8,59,110,150,45,49,35,3226343
dracovish,882,water-absorb,strong-jaw,sand-rush,177,2150,23,90,90,100,70,80,75,7581826
dracozolt,880,volt-absorb,hustle,sand-rush,177,1900,18,90,100,90,80,70,75,1812302
dragalge,691,poison-point,poison-touch,adaptability,173,815,18,65,75,90,97,123,44,9337074
dragapult,887,clear-body,infiltrator,cursed-body,300,500,30,88,120,75,100,75,142,2801699
dragonair,148,shed-skin,marvel-scale,,147,165,40,61,84,65,70,70,70,9474532
dragonite,149,inner-focus,multiscale,,300,2100,22,91,134,95,100,100,80,2036408
drakloak,886,clear-body,infiltrator,cursed-body,144,110,14,68,80,50,60,50,102,8006909
drampa,780,berserk,sap-sipper,cloud-nine,170,1850,30,78,60,85,135,91,36,8789581
drapion,452,battle-armor,sniper,keen-eye,175,615,13,70,90,110,60,75,95,7468802
dratini,147,shed-skin,marvel-scale,,60,33,18,41,64,45,50,50,50,8672178
drednaw,834,strong-jaw,shell-armor,swift-swim,170,1155,10,90,115,90,48,68,74,3623288
drednaw-gmax,10214,strong-jaw,shell-armor,swift-swim,170,10000,240,90,115,90,48,68,74,7686274
dreepy,885,clear-body,infiltrator,cursed-body,54,20,5,28,60,30,40,30,82,9206917
drifblim,426,aftermath,unburden,flare-boost,174,150,12,150,80,44,90,54,80,9953842
drifloon,425,aftermath,unburden,flare-boost,70,12,4,90,50,34,60,44,70,3324790
drilbur,529,sand-rush,sand-force,mold-breaker,66,85,3,60,85,40,30,45,68,2556544
drizzile,817,torrent,sniper,,147,115,7,65,60,55,95,55,90,6912594
drowzee,96,insomnia,forewarn,inner-focus,66,324,10,60,48,45,43,90,42,6636380
druddigon,621,rough-skin,sheer-force,mold-breaker,170,1390,16,77,120,90,60,90,48,8344771
dubwool,832,fluffy,steadfast,bulletproof,172,430,13,72,80,100,60,90,88,9502207
ducklett,580,keen-eye,big-pecks,hydration,61,55,5,62,44,50,44,50,55,1092863
dugtrio,51,sand-veil,arena-trap,sand-force,149,333,7,35,100,50,50,70,120,1713165
dugtrio-alola,10106,sand-veil,tangling-hair,sand-force,149,666,7,35,100,60,50,70,110,8254182
dunsparce,206,serene-grace,run-away,rattled,145,140,15,100,70,70,65,65,45,7489229
duosion,578,overcoat,magic-guard,regenerator,130,80,6,65,40,50,125,60,30,9931464
duraludon,884,light-metal,heavy-metal,stalwart,187,400,18,70,95,115,120,50,85,6389098
duraludon-gmax,10225,light-metal,heavy-metal,stalwart,187,10000,430,70,95,115,120,50,85,4420390
durant,632,swarm,hustle,truant,169,330,3,58,109,112,48,48,109,7879696
dusclops,356,pressure,frisk,,159,306,16,40,70,130,60,130,25,8106754
dusknoir,477,pressure,frisk,,263,1066,22,45,100,135,65,135,45,5236118
duskull,355,levitate,frisk,,59,150,8,20,40,90,30,90,25,92287
dustox,269,shield-dust,compound-eyes,,173,316,12,60,50,70,50,90,65,2913889
dwebble,557,sturdy,shell-armor,weak-armor,65,145,3,50,65,85,35,35,55,6352709
eelektrik,603,levitate,,,142,220,12,65,85,70,75,70,40,1938569
eelektross,604,levitate,,,232,805,21,85,115,80,105,80,50,3347220
eevee,133,run-away,adaptability,anticipation,65,65,3,55,55,50,45,65,55,376364
eevee-gmax,10205,run-away,adaptability,anticipation,65,10000,180,55,55,50,45,65,55,9640113
eevee-starter,10159,run-away,adaptability,anticipation,87,65,3,65,75,70,65,85,75,5039817
eiscue,,,,,,,,,,,,,802594
eiscue-noice,10185,ice-face,,,165,890,14,75,80,70,65,50,130,4914749
ekans,23,intimidate,shed-skin,unnerve,58,69,20,35,60,44,40,54,55,5221789
eldegoss,830,cotton-down,regenerator,effect-spore,161,25,5,60,50,90,80,120,60,8378102
electabuzz,125,static,vital-spirit,,172,300,11,65,83,57,95,85,105,7407140
electivire,466,motor-drive,vital-spirit,,270,1386,18,75,123,67,95,85,95,758055
electrike,309,static,lightning-rod,minus,59,152,6,40,45,40,65,40,65,3140316
electrode,101,soundproof,static,aftermath,172,666,12,60,50,70,80,80,150,8675256
electrode-hisui,10232,soundproof,static,aftermath,0,710,12,60,50,70,80,80,150,7483799
electrode-hisui-noble,,,,,,,,,,,,,6261951
elekid,239,static,vital-spirit,,72,235,6,45,63,37,65,55,95,5981539
elgyem,605,telepathy,synchronize,analytic,67,90,5,55,55,55,85,55,30,302884
emboar,500,blaze,reckless,,238,1500,16,110,123,65,100,65,65,2244228
emolga,587,static,motor-drive,,150,50,4,55,75,60,75,60,103,5533757
empoleon,395,torrent,defiant,,239,845,17,84,86,88,111,101,60,7839027
enamorus,,,,,,,,,,,,,2726516
enamorus-therian,10249,overcoat,,,0,480,16,74,115,110,135,100,46,769877
entei,244,pressure,inner-focus,,290,1980,21,115,115,85,90,75,100,3672472
escavalier,589,swarm,shell-armor,overcoat,173,330,10,70,135,105,60,105,20,10284442
espeon,196,synchronize,magic-bounce,,184,265,9,65,65,60,130,95,110,9054895
espurr,677,keen-eye,infiltrator,own-tempo,71,35,3,62,48,54,63,60,68,286115
eternatus,890,pressure,,,345,9500,200,140,85,95,145,95,130,2309381
eternatus-eternamax,10190,pressure,,,563,0,1000,255,115,250,125,250,130,9424240
excadrill,530,sand-rush,sand-force,mold-breaker,178,404,7,110,135,60,50,65,88,6563253
exeggcute,102,chlorophyll,harvest,,65,25,4,60,40,80,60,45,40,10120545
exeggutor,103,chlorophyll,harvest,,186,1200,20,95,95,85,125,75,55,2073033
exeggutor-alola,10114,frisk,harvest,,186,4156,109,95,105,85,125,75,45,1755970
exploud,295,soundproof,scrappy,,245,840,15,104,91,63,91,73,68,4387704
falinks,870,battle-armor,defiant,,165,620,30,65,100,100,70,60,75,9997219
farfetchd,83,keen-eye,inner-focus,defiant,132,150,8,52,90,55,58,62,60,6579239
farfetchd-galar,10166,steadfast,scrappy,,132,420,8,52,95,55,58,62,55,4260282
fearow,22,keen-eye,sniper,,155,380,12,65,90,65,61,61,100,4677092
feebas,349,swift-swim,oblivious,adaptability,40,74,6,20,15,20,10,55,80,9897213
fennekin,653,blaze,magician,,61,94,4,40,45,40,62,60,60,1829344
feraligatr,160,torrent,sheer-force,,239,888,23,85,105,100,79,83,78,4252584
ferroseed,597,iron-barbs,,,61,188,6,44,50,91,24,86,10,3100410
ferrothorn,598,iron-barbs,anticipation,,171,1100,10,74,94,131,54,116,20,3103167
finneon,456,swift-swim,storm-drain,water-veil,66,70,4,49,49,56,49,61,66,8650117
flaaffy,180,static,plus,,128,133,8,70,55,55,80,60,45,2133395
flabebe,669,flower-veil,symbiosis,,61,1,1,44,38,39,61,79,42,6250032
flabebe-blue,,,,,,,,,,,,,3854437
flabebe-orange,,,,,,,,,,,,,89403
flabebe-white,,,,,,,,,,,,,6292940
flabebe-yellow,,,,,,,,,,,,,9543904
flapple,841,ripen,gluttony,hustle,170,10,3,70,110,80,95,60,70,818685
flapple-gmax,10216,ripen,gluttony,hustle,170,10000,240,70,110,80,95,60,70,4741556
flareon,136,flash-fire,guts,,184,250,9,65,130,60,95,110,65,8592567
fletchinder,662,flame-body,gale-wings,,134,160,7,62,73,55,56,52,84,7517773
fletchling,661,big-pecks,gale-wings,,56,17,3,45,50,43,40,38,62,1592821
floatzel,419,swift-swim,water-veil,,173,335,11,85,105,55,85,50,115,1743083
floette,670,flower-veil,symbiosis,,130,9,2,54,45,47,75,98,52,8756115
floette-blue,,,,,,,,,,,,,1734418
floette-eternal,10061,flower-veil,symbiosis,,243,9,2,74,65,67,125,128,92,7391893
floette-orange,,,,,,,,,,,,,9419865
floette-white,,,,,,,,,,,,,346111
floette-yellow,,,,,,,,,,,,,6542285
florges,671,flower-veil,symbiosis,,248,100,11,78,65,68,112,154,75,10221910
florges-blue,,,,,,,,,,,,,4271294
florges-orange,,,,,,,,,,,,,8361785
florges-white,,,,,,,,,,,,,5479369
florges-yellow,,,,,,,,,,,,,6794023
flygon,330,levitate,,,260,820,20,80,100,80,80,80,100,202159
fomantis,753,leaf-guard,contrary,,50,15,3,40,55,35,50,35,35,3843753
foongus,590,effect-spore,regenerator,,59,10,2,69,55,45,55,55,15,582021
forretress,205,sturdy,overcoat,,163,1258,12,75,90,140,60,60,40,8272702
fraxure,611,rivalry,mold-breaker,unnerve,144,360,10,66,117,70,40,50,67,4023983
frillish,592,water-absorb,cursed-body,damp,67,330,12,55,40,50,65,85,40,9787370
froakie,656,torrent,protean,,63,70,3,41,56,40,62,44,71,5991296
frogadier,657,torrent,protean,,142,109,6,54,63,52,83,56,97,1472666
froslass,478,snow-cloak,cursed-body,,168,266,13,70,80,70,80,70,110,9232458
frosmoth,873,shield-dust,ice-scales,,166,420,13,70,65,60,125,90,65,1905584
furfrou,676,fur-coat,,,165,280,12,75,80,60,65,90,102,4852116
furfrou-dandy,,,,,,,,,,,,,7628511
furfrou-debutante,,,,,,,,,,,,,4310630
furfrou-diamond,,,,,,,,,,,,,3988488
furfrou-heart,,,,,,,,,,,,,5632089
furfrou-kabuki,,,,,,,,,,,,,3153654
furfrou-la-reine,,,,,,,,,,,,,8857507
furfrou-matron,,,,,,,,,,,,,5093219
furfrou-pharaoh,,,,,,,,,,,,,5605080
furfrou-star,,,,,,,,,,,,,2293878
furret,162,run-away,keen-eye,frisk,145,325,18,85,76,64,45,55,90,5162706
gabite,444,sand-veil,rough-skin,,144,560,14,68,90,65,50,55,82,3436694
gallade,475,steadfast,sharpness,justified,259,520,16,68,125,65,65,115,80,1748125
gallade-mega,10068,inner-focus,,,278,564,16,68,165,95,65,115,110,483880
galvantula,596,compound-eyes,unnerve,swarm,165,143,8,70,77,60,97,60,108,3247046
garbodor,569,stench,weak-armor,aftermath,166,1073,19,80,95,82,60,82,75,4165704
garbodor-gmax,10207,stench,weak-armor,aftermath,166,10000,210,80,95,82,60,82,75,1020747
garchomp,445,sand-veil,rough-skin,,300,950,19,108,130,95,80,85,102,6779046
garchomp-mega,10058,sand-force,,,315,950,19,108,170,115,120,95,92,175238
gardevoir,282,synchronize,trace,telepathy,259,484,16,68,65,65,125,115,80,10141027
gardevoir-mega,10051,pixilate,,,278,484,16,68,85,65,165,135,100,589724
gastly,92,levitate,,,62,1,13,30,35,30,100,35,80,6245582
gastrodon,423,sticky-hold,storm-drain,sand-force,166,299,9,111,83,68,92,82,39,4596919
gastrodon-east,,,,,,,,,,,,,10098294
genesect,649,download,,,300,825,15,71,120,95,120,95,99,2276330
genesect-burn,,,,,,,,,,,,,139371
genesect-chill,,,,,,,,,,,,,6641091
genesect-douse,,,,,,,,,,,,,4089430
genesect-shock,,,,,,,,,,,,,228480
gengar,94,cursed-body,,,250,405,15,60,65,60,130,75,110,4918712
gengar-gmax,10202,cursed-body,,,225,10000,200,60,65,60,130,75,110,7898022
gengar-mega,10038,shadow-tag,,,270,405,14,60,65,80,170,95,130,8663921
geodude,74,rock-head,sturdy,sand-veil,60,200,4,40,80,100,30,30,20,6053698
geodude-alola,10109,magnet-pull,sturdy,galvanize,60,203,4,40,80,100,30,30,20,2363969
gible,443,sand-veil,rough-skin,,60,205,7,58,70,45,40,45,42,6385722
gigalith,526,sturdy,sand-stream,sand-force,258,2600,17,85,135,130,60,80,25,1700423
girafarig,203,inner-focus,early-bird,sap-sipper,159,415,15,70,80,65,90,65,85,9227680
giratina,,,,,,,,,,,,,8204597
giratina-origin,10007,levitate,,,340,6500,69,150,120,100,120,100,90,999849
glaceon,471,snow-cloak,ice-body,,184,259,8,65,60,110,130,95,65,5965229
glalie,362,inner-focus,ice-body,moody,168,2565,15,80,80,80,80,80,80,2465120
glalie-mega,10074,refrigerate,,,203,3502,21,80,120,80,120,80,100,6706868
glameow,431,limber,own-tempo,keen-eye,62,39,5,49,55,42,42,37,85,1804859
glastrier,896,chilling-neigh,,,290,8000,22,100,145,130,65,110,30,8639363
gligar,207,hyper-cutter,sand-veil,immunity,86,648,11,65,75,105,35,65,85,904451
gliscor,472,hyper-cutter,sand-veil,poison-heal,179,425,20,75,95,125,45,75,95,3585926
gloom,44,chlorophyll,stench,,138,86,8,60,65,70,85,75,40,4383188
gogoat,673,sap-sipper,grass-pelt,,186,910,17,123,100,62,97,81,68,8784202
golbat,42,inner-focus,infiltrator,,159,550,16,75,80,70,65,75,90,3232925
goldeen,118,swift-swim,water-veil,lightning-rod,64,150,6,45,67,60,35,50,63,3076185
golduck,55,damp,cloud-nine,swift-swim,175,766,17,80,82,78,95,80,85,6624758
golem,76,rock-head,sturdy,sand-veil,223,3000,14,80,120,130,55,65,45,3474741
golem-alola,10111,magnet-pull,sturdy,galvanize,223,3160,17,80,120,130,55,65,45,8799838
golett,622,iron-fist,klutz,no-guard,61,920,10,59,74,50,35,50,35,2676307
golisopod,768,emergency-exit,,,186,1080,20,75,125,140,60,90,40,7929765
golurk,623,iron-fist,klutz,no-guard,169,3300,28,89,124,80,55,80,55,8228143
goodra,706,sap-sipper,hydration,gooey,300,1505,20,90,100,70,110,150,80,909738
goodra-hisui,10242,sap-sipper,overcoat,gooey,0,3341,17,80,100,100,110,150,60,391985
goomy,704,sap-sipper,hydration,gooey,60,28,3,45,50,35,55,75,40,9692475
gorebyss,368,swift-swim,hydration,,170,226,18,55,84,105,114,75,52,1630310
gossifleur,829,cotton-down,regenerator,effect-spore,50,22,4,40,40,60,40,60,10,7087741
gothita,574,frisk,competitive,shadow-tag,58,58,4,45,30,50,55,65,45,6367375
gothitelle,576,frisk,competitive,shadow-tag,245,440,15,70,55,95,95,110,65,1725057
gothorita,575,frisk,competitive,shadow-tag,137,180,7,60,45,70,75,85,55,7396511
gourgeist,,,,,,,,,,,,,5942760
granbull,210,intimidate,quick-feet,rattled,158,487,14,90,120,75,60,60,45,4120112
grapploct,853,limber,technician,,168,390,16,80,118,90,70,80,42,6252907
graveler,75,rock-head,sturdy,sand-veil,137,1050,10,55,95,115,45,45,35,9741893
graveler-alola,10110,magnet-pull,sturdy,galvanize,137,1100,10,55,95,115,45,45,35,4105742
greedent,820,cheek-pouch,gluttony,,161,60,6,120,95,95,55,75,20,6156893
greninja,658,torrent,protean,,239,400,15,72,95,67,103,71,122,605880
greninja-ash,10117,battle-bond,,,288,400,15,72,145,67,153,71,132,5638218
grimer,88,stench,sticky-hold,poison-touch,65,300,9,80,80,50,40,50,25,2398551
grimer-alola,10112,poison-touch,gluttony,power-of-alchemy,65,420,7,80,80,50,40,50,25,9193639
grimmsnarl,861,prankster,frisk,pickpocket,255,610,15,95,120,65,95,75,60,7611905
grimmsnarl-gmax,10222,prankster,frisk,pickpocket,255,10000,320,95,120,65,95,75,60,2219145
grookey,810,overgrow,grassy-surge,,62,50,3,50,65,50,40,40,65,7925063
grotle,388,overgrow,shell-armor,,142,970,11,75,89,85,55,65,36,611660
groudon,383,drought,,,335,9500,35,100,150,140,100,90,90,6723827
groudon-primal,10078,desolate-land,,,347,9997,50,100,180,160,150,90,90,7101114
grovyle,253,overgrow,unburden,,142,216,9,50,65,45,85,65,95,4100988
growlithe,58,intimidate,flash-fire,justified,70,190,7,55,70,45,70,50,60,5520903
growlithe-hisui,10229,intimidate,flash-fire,justified,0,227,8,60,75,45,65,50,55,5624946
grubbin,736,swarm,,,60,44,4,47,62,45,55,45,46,2361654
grumpig,326,thick-fat,own-tempo,gluttony,165,715,9,80,45,65,90,110,80,7593827
gulpin,316,liquid-ooze,sticky-hold,gluttony,60,103,4,70,43,53,43,53,40,4008142
gumshoos,735,stakeout,strong-jaw,adaptability,146,142,7,88,110,60,55,60,45,8090298
gurdurr,533,guts,sheer-force,iron-fist,142,400,12,85,105,85,40,50,40,8577304
guzzlord,799,beast-boost,,,285,8880,55,223,101,53,97,53,43,4361354
gyarados,130,intimidate,moxie,,189,2350,65,95,125,79,60,100,81,6417448
gyarados-mega,10041,mold-breaker,,,224,3050,65,95,155,109,70,130,81,2564723
hakamo-o,783,bulletproof,soundproof,overcoat,147,470,12,55,75,90,65,70,65,9083757
happiny,440,natural-cure,serene-grace,friend-guard,110,244,6,100,5,5,15,65,30,4488556
hariyama,297,thick-fat,guts,sheer-force,166,2538,23,144,120,60,40,60,50,6583922
hatenna,856,healer,anticipation,magic-bounce,53,34,4,42,30,45,56,53,39,9685534
hatterene,858,healer,anticipation,magic-bounce,255,51,21,57,90,95,136,103,29,8823110
hatterene-gmax,10221,healer,anticipation,magic-bounce,255,10000,260,57,90,95,136,103,29,6168280
hattrem,857,healer,anticipation,magic-bounce,130,48,6,57,40,65,86,73,49,4160473
haunter,93,levitate,,,142,1,16,45,50,45,115,55,95,9264280
hawlucha,701,limber,unburden,mold-breaker,175,215,8,78,92,75,74,63,118,6943073
haxorus,612,rivalry,mold-breaker,unnerve,270,1055,18,76,147,90,60,70,97,665963
heatmor,631,gluttony,flash-fire,white-smoke,169,580,14,85,97,66,105,66,65,3569263
heatran,485,flash-fire,flame-body,,300,4300,17,91,90,106,130,106,77,10261385
heliolisk,695,dry-skin,sand-veil,solar-power,168,210,10,62,55,52,109,94,109,4031009
helioptile,694,dry-skin,sand-veil,solar-power,58,60,5,44,38,33,61,43,70,9971679
heracross,214,swarm,guts,moxie,175,540,15,80,125,75,40,95,85,931356
heracross-mega,10047,skill-link,,,210,625,17,80,185,115,40,105,75,9219928
herdier,507,intimidate,sand-rush,scrappy,130,147,9,65,80,65,35,65,60,5912141
hippopotas,449,sand-stream,sand-force,,66,495,8,68,72,78,38,42,32,3593572
hippowdon,450,sand-stream,sand-force,,184,3000,20,108,112,118,68,72,47,264873
hitmonchan,107,keen-eye,iron-fist,inner-focus,159,502,14,50,105,79,35,110,76,3315537
hitmonlee,106,limber,reckless,unburden,159,498,15,50,120,53,35,110,87,9790744
hitmontop,237,intimidate,technician,steadfast,159,480,14,50,95,95,35,110,70,9601150
ho-oh,250,pressure,regenerator,,340,1990,38,106,130,90,110,154,90,2841552
honchkrow,430,insomnia,super-luck,moxie,177,273,9,100,125,52,105,52,71,991949
honedge,679,no-guard,,,65,20,8,45,80,100,35,37,28,6084794
hoopa,720,magician,,,270,90,5,80,110,60,150,130,70,9910405
hoopa-unbound,10086,magician,,,306,4900,65,80,160,60,170,130,80,8719738
hoothoot,163,insomnia,keen-eye,tinted-lens,52,212,7,60,30,30,36,56,50,8138315
hoppip,187,chlorophyll,leaf-guard,infiltrator,50,5,4,35,35,40,35,55,50,2797733
horsea,116,swift-swim,sniper,damp,59,80,4,30,40,70,70,25,60,9261357
houndoom,229,early-bird,flash-fire,unnerve,175,350,14,75,90,50,110,80,95,3194865
houndoom-mega,10048,solar-power,,,210,495,19,75,90,90,140,90,115,8760477
houndour,228,early-bird,flash-fire,unnerve,66,108,6,45,60,30,80,50,65,6057474
huntail,367,swift-swim,water-veil,,170,270,17,55,104,105,94,75,52,9814071
hydreigon,635,levitate,,,300,1600,18,92,105,90,125,90,98,7121176
hypno,97,insomnia,forewarn,inner-focus,169,756,16,85,73,70,73,115,67,2861552
igglybuff,174,cute-charm,competitive,friend-guard,42,10,3,90,30,15,40,20,15,8030939
illumise,314,oblivious,tinted-lens,prankster,151,177,6,65,47,75,73,85,85,2106272
impidimp,859,prankster,frisk,pickpocket,53,55,4,45,45,30,55,40,50,6620528
incineroar,727,blaze,intimidate,,265,830,18,95,115,90,80,90,60,9123987
indeedee,,,,,,,,,,,,,4449358
infernape,392,blaze,iron-fist,,240,550,12,76,104,71,104,71,108,296685
inkay,686,contrary,suction-cups,infiltrator,58,35,4,53,54,53,37,46,45,2552622
inteleon,818,torrent,sniper,,265,452,19,70,85,65,125,65,120,6097810
inteleon-gmax,10211,torrent,sniper,,265,10000,400,70,85,65,125,65,120,1563190
ivysaur,2,overgrow,chlorophyll,,142,130,10,60,62,63,80,80,60,2087169
jangmo-o,782,bulletproof,soundproof,overcoat,60,297,6,45,55,65,45,45,45,6848161
jellicent,593,water-absorb,cursed-body,damp,168,1350,22,100,60,70,85,105,60,3926623
jigglypuff,39,cute-charm,competitive,friend-guard,95,55,5,115,45,20,45,25,20,2368002
jirachi,385,serene-grace,,,300,11,3,100,100,100,100,100,100,1588478
jolteon,135,volt-absorb,quick-feet,,184,245,8,65,65,60,110,95,130,6665508
joltik,595,compound-eyes,unnerve,swarm,64,6,1,50,47,50,57,50,65,8863181
jumpluff,189,chlorophyll,leaf-guard,infiltrator,207,30,8,75,55,70,55,95,110,2334566
jynx,124,oblivious,forewarn,dry-skin,159,406,14,65,50,35,115,95,95,2198950
kabuto,140,swift-swim,battle-armor,weak-armor,71,115,5,30,80,90,55,45,55,2969475
kabutops,141,swift-swim,battle-armor,weak-armor,173,405,13,60,115,105,65,70,80,1410136
kadabra,64,synchronize,inner-focus,magic-guard,140,565,13,40,35,30,120,70,105,2191309
kakuna,14,shed-skin,,,72,100,6,45,25,50,25,25,35,320020
kangaskhan,115,early-bird,scrappy,inner-focus,172,800,22,105,95,80,40,80,90,9563881
kangaskhan-mega,10039,parental-bond,,,207,1000,22,105,125,100,60,100,100,964319
karrablast,588,swarm,shed-skin,no-guard,63,59,5,50,75,45,40,45,60,9989836
kartana,798,beast-boost,,,285,1,3,59,181,131,59,31,109,8048351
kecleon,352,color-change,protean,,154,220,10,60,90,70,60,120,40,7168937
keldeo,,,,,,,,,,,,,125200
keldeo-resolute,10024,justified,,,290,485,14,91,72,90,129,90,108,5542811
kingdra,230,swift-swim,sniper,damp,270,1520,18,75,95,95,95,95,85,6869328
kingler,99,hyper-cutter,shell-armor,sheer-force,166,600,13,55,130,115,50,50,75,3368900
kingler-gmax,10203,hyper-cutter,shell-armor,sheer-force,166,10000,190,55,130,115,50,50,75,5689002
kirlia,281,synchronize,trace,telepathy,97,202,8,38,35,35,65,55,50,7634637
klang,600,plus,minus,clear-body,154,510,6,60,80,95,70,85,50,1553917
kleavor,900,swarm,sheer-force,steadfast,0,890,18,70,135,95,45,70,85,2174462
kleavor-noble,,,,,,,,,,,,,327754
klefki,707,prankster,magician,,165,30,2,57,80,91,80,87,75,2944688
klink,599,plus,minus,clear-body,60,210,3,40,55,70,45,60,30,5792170
klinklang,601,plus,minus,clear-body,260,810,6,60,100,115,70,85,90,556655
koffing,109,levitate,neutralizing-gas,stench,68,10,6,40,65,95,60,45,35,1542863
komala,775,comatose,,,168,199,4,65,115,65,75,95,65,5511437
kommo-o,784,bulletproof,soundproof,overcoat,300,782,16,75,110,125,100,105,85,7330095
krabby,98,hyper-cutter,shell-armor,sheer-force,65,65,4,30,105,90,25,25,50,7978620
kricketot,401,shed-skin,run-away,,39,22,3,37,25,41,25,41,25,2025675
kricketune,402,swarm,technician,,134,255,10,77,85,51,55,51,65,829501
krokorok,552,intimidate,moxie,anger-point,123,334,10,60,82,45,45,45,74,9249780
krookodile,553,intimidate,moxie,anger-point,260,963,15,95,117,80,65,70,92,10158630
kubfu,891,inner-focus,,,77,120,6,60,90,60,53,50,72,3353925
kyogre,382,drizzle,,,335,3520,45,100,100,90,150,140,90,6762113
kyogre-primal,10077,primordial-sea,,,347,4300,98,100,150,90,180,160,90,3006766
kyurem,646,pressure,,,330,3250,30,125,130,90,130,90,95,845070
kyurem-black,10022,teravolt,,,350,3250,33,125,170,100,120,90,95,2438681
kyurem-white,10023,turboblaze,,,350,3250,36,125,120,90,170,100,95,4491369
lairon,305,sturdy,rock-head,heavy-metal,151,1200,9,60,90,140,50,50,40,8958775
lampent,608,flash-fire,flame-body,infiltrator,130,130,6,60,40,60,95,60,55,651687
landorus,,,,,,,,,,,,,7300148
landorus-therian,10021,intimidate,,,300,680,13,89,145,90,105,80,91,1197247
lanturn,171,volt-absorb,illuminate,water-absorb,161,225,12,125,58,58,76,76,67,4282952
lapras,131,water-absorb,shell-armor,hydration,187,2200,25,130,85,80,85,95,60,3946571
lapras-gmax,10204,water-absorb,shell-armor,hydration,187,10000,240,130,85,80,85,95,60,63994
larvesta,636,flame-body,swarm,,72,288,11,55,85,55,50,55,60,4195588
larvitar,246,guts,sand-veil,,60,720,6,50,64,50,45,50,41,7418834
latias,380,levitate,,,300,400,14,80,80,90,110,130,110,1286042
latias-mega,10062,levitate,,,315,520,18,80,100,120,140,150,110,2350073
latios,381,levitate,,,300,600,20,80,90,80,130,110,110,7043997
latios-mega,10063,levitate,,,315,700,23,80,130,100,160,120,110,5487297
leafeon,470,leaf-guard,chlorophyll,,184,255,10,65,110,130,60,65,95,834380
leavanny,542,swarm,chlorophyll,overcoat,225,205,12,75,103,80,70,80,92,8928459
ledian,166,swarm,early-bird,iron-fist,137,356,14,55,35,50,55,110,85,6812655
ledyba,165,swarm,early-bird,rattled,53,108,10,40,20,30,40,80,55,1960051
lickilicky,463,own-tempo,oblivious,cloud-nine,180,1400,17,110,85,95,80,95,50,7435293
lickitung,108,own-tempo,oblivious,cloud-nine,77,655,12,90,55,75,60,75,30,9681130
liepard,510,limber,unburden,prankster,156,375,11,64,88,50,88,50,106,3199265
lileep,345,suction-cups,storm-drain,,71,238,10,66,41,77,61,87,23,9066195
lilligant,549,chlorophyll,own-tempo,leaf-guard,168,163,11,70,60,75,110,75,90,2615017
lilligant-hisui,10237,chlorophyll,hustle,leaf-guard,0,192,12,70,105,75,50,75,105,7762913
lilligant-hisui-noble,,,,,,,,,,,,,692585
lillipup,506,vital-spirit,pickup,run-away,55,41,4,45,60,45,25,45,55,6442970
linoone,264,pickup,gluttony,quick-feet,147,325,5,78,70,61,50,61,100,7009861
linoone-galar,10175,pickup,gluttony,quick-feet,147,325,5,78,70,61,50,61,100,10115840
litleo,667,rivalry,unnerve,moxie,74,135,6,62,50,58,73,54,72,7932
litten,725,blaze,intimidate,,64,43,4,45,65,40,60,40,70,4629634
litwick,607,flash-fire,flame-body,infiltrator,55,31,3,50,30,55,65,55,20,8603010
lombre,271,swift-swim,rain-dish,own-tempo,119,325,12,60,50,50,60,70,50,9833734
lopunny,428,cute-charm,klutz,limber,168,333,12,65,76,84,54,96,105,10067193
lopunny-mega,10088,scrappy,,,203,283,13,65,136,94,54,96,135,4527133
lotad,270,swift-swim,rain-dish,own-tempo,44,26,5,40,30,30,40,50,30,1465797
loudred,294,soundproof,scrappy,,126,405,10,84,71,43,71,43,48,9454477
lucario,448,steadfast,inner-focus,justified,184,540,12,70,110,70,115,70,90,1634202
lucario-mega,10059,adaptability,,,219,575,13,70,145,88,140,70,112,5916673
ludicolo,272,swift-swim,rain-dish,own-tempo,240,550,15,80,70,70,90,100,70,2710996
lugia,249,pressure,multiscale,,340,2160,52,106,90,130,90,154,110,8842779
lugia-shadow,,,,,,,,,,,,,7315853
lumineon,457,swift-swim,storm-drain,water-veil,161,240,12,69,69,76,69,86,91,8310421
lunala,792,shadow-shield,,,340,1200,40,137,113,89,137,107,97,5300091
lunatone,337,levitate,,,161,1680,10,90,55,65,95,85,70,3178200
lurantis,754,leaf-guard,contrary,,168,185,9,70,105,90,80,90,45,7031524
luvdisc,370,swift-swim,hydration,,116,87,6,43,30,55,40,65,97,8286436
luxio,404,rivalry,intimidate,guts,127,305,9,60,85,49,60,49,60,4556808
luxray,405,rivalry,intimidate,guts,262,420,14,80,120,79,95,79,70,8582735
lycanroc,,,,,,,,,,,,,9748189
lycanroc-dusk,10152,tough-claws,,,170,250,8,75,117,65,55,65,110,3724367
lycanroc-midnight,10126,keen-eye,vital-spirit,no-guard,170,250,11,85,115,75,55,75,82,5072016
machamp,68,guts,no-guard,steadfast,253,1300,16,90,130,80,65,85,55,7983743
machamp-gmax,10201,guts,no-guard,steadfast,227,10000,250,90,130,80,65,85,55,1993680
machoke,67,guts,no-guard,steadfast,142,705,15,80,100,70,50,60,45,1231265
machop,66,guts,no-guard,steadfast,61,195,8,70,80,50,35,35,35,150923
magby,240,flame-body,vital-spirit,,73,214,7,45,75,37,70,55,83,5349544
magcargo,219,magma-armor,flame-body,weak-armor,151,550,8,60,50,120,90,80,30,5960072
magearna,801,soul-heart,,,300,805,10,80,95,115,130,115,65,1600544
magearna-original,10147,soul-heart,,,300,805,10,80,95,115,130,115,65,9168806
magikarp,129,swift-swim,rattled,,40,100,9,20,10,55,15,20,80,2761132
magmar,126,flame-body,vital-spirit,,173,445,13,65,95,57,100,85,93,1095894
magmortar,467,flame-body,vital-spirit,,270,680,16,75,95,67,125,95,83,1185040
magnemite,81,magnet-pull,sturdy,analytic,65,60,3,25,35,70,95,55,45,2480568
magneton,82,magnet-pull,sturdy,analytic,163,600,10,50,60,95,120,70,70,6674663
magnezone,462,magnet-pull,sturdy,analytic,268,1800,12,70,70,115,130,90,60,9712473
makuhita,296,thick-fat,guts,sheer-force,47,864,10,72,60,30,20,30,25,2986201
malamar,687,contrary,suction-cups,infiltrator,169,470,15,86,92,88,68,75,73,9108607
mamoswine,473,oblivious,snow-cloak,thick-fat,265,2910,25,110,130,80,70,60,80,5131505
manaphy,490,hydration,,,270,14,3,100,100,100,100,100,100,480348
mandibuzz,630,big-pecks,overcoat,weak-armor,179,395,12,110,65,105,55,95,80,8628736
manectric,310,static,lightning-rod,minus,166,402,15,70,75,60,105,60,105,4186101
manectric-mega,10055,intimidate,,,201,440,18,70,75,80,135,80,135,3401762
mankey,56,vital-spirit,anger-point,defiant,61,280,5,40,80,35,35,45,70,1365309
mantine,226,swift-swim,water-absorb,water-veil,170,2200,21,85,40,70,80,140,70,7916704
mantyke,458,swift-swim,water-absorb,water-veil,69,650,10,45,20,50,60,120,50,4075707
maractus,556,water-absorb,chlorophyll,storm-drain,161,280,10,75,86,67,106,67,60,10077611
mareanie,747,merciless,limber,regenerator,61,80,4,50,53,62,43,52,45,2653759
mareep,179,static,plus,,56,78,6,55,40,40,65,45,35,9546827
marill,183,thick-fat,huge-power,sap-sipper,88,85,4,70,20,50,20,50,40,7944695
marowak,105,rock-head,lightning-rod,battle-armor,149,450,10,60,80,110,50,80,45,2788523
marowak-alola,10115,cursed-body,lightning-rod,rock-head,149,340,10,60,80,110,50,80,45,6214108
marshadow,802,technician,,,300,222,7,90,125,80,90,90,125,5869645
marshadow-gen7,,,,,,,,,,,,,8555892
marshtomp,259,torrent,damp,,142,280,7,70,85,70,60,70,50,6938630
masquerain,284,intimidate,unnerve,,159,36,8,70,60,62,100,82,80,5515723
mawile,303,hyper-cutter,intimidate,sheer-force,133,115,6,50,85,85,55,55,50,874004
mawile-mega,10052,huge-power,,,168,235,10,50,105,125,55,95,50,1258711
medicham,308,pure-power,telepathy,,144,315,13,60,60,75,60,75,80,2604821
medicham-mega,10054,pure-power,,,179,315,13,60,100,85,80,85,100,449611
meditite,307,pure-power,telepathy,,56,112,6,30,40,55,40,55,60,688606
meganium,154,overgrow,leaf-guard,,236,1005,18,80,82,100,83,100,80,7111037
melmetal,809,iron-fist,,,300,8000,25,135,143,143,80,65,34,4892614
melmetal-gmax,10208,iron-fist,,,270,10000,250,135,143,143,80,65,34,2626527
meloetta,,,,,,,,,,,,,9986526
meloetta-pirouette,10018,serene-grace,,,270,65,6,100,128,90,77,77,128,4648928
meltan,808,magnet-pull,,,150,80,2,46,65,65,55,35,34,2612069
meowstic,,,,,,,,,,,,,9155800
meowth,52,pickup,technician,unnerve,58,42,4,40,45,35,40,40,90,6093524
meowth-alola,10107,pickup,technician,rattled,58,42,4,40,35,35,50,40,90,1800596
meowth-galar,10161,pickup,tough-claws,unnerve,58,75,4,50,65,55,40,40,40,3241949
meowth-gmax,10200,pickup,technician,unnerve,58,10000,330,40,45,35,40,40,90,8467592
mesprit,481,levitate,,,290,3,3,80,105,105,105,105,80,1658801
metagross,376,clear-body,light-metal,,300,5500,16,80,135,130,95,90,70,6959284
metagross-mega,10076,tough-claws,,,315,9429,25,80,145,150,105,110,110,7383363
metang,375,clear-body,light-metal,,147,2025,12,60,75,100,55,80,50,4510938
metapod,11,shed-skin,,,72,99,7,50,20,55,25,25,30,3425525
mew,151,synchronize,,,300,40,4,100,100,100,100,100,100,5012895
mewtwo,150,pressure,unnerve,,340,1220,20,106,110,90,154,90,130,4711520
mewtwo-mega-x,10043,steadfast,,,351,1270,23,106,190,100,154,100,130,5528128
mewtwo-mega-y,10044,insomnia,,,351,330,15,106,150,70,194,120,140,8238712
mienfoo,619,inner-focus,regenerator,reckless,70,200,9,45,85,50,55,50,65,625732
mienshao,620,inner-focus,regenerator,reckless,179,355,14,65,125,60,95,60,105,7952497
mightyena,262,intimidate,quick-feet,moxie,147,370,10,70,90,70,60,60,70,5663104
milcery,868,sweet-veil,aroma-veil,,54,3,2,45,40,40,50,61,34,6605643
milotic,350,marvel-scale,competitive,cute-charm,189,1620,62,95,60,79,100,125,81,5611535
miltank,241,thick-fat,scrappy,sap-sipper,172,755,12,95,80,105,40,70,100,6356021
mime-jr,439,soundproof,filter,technician,62,130,6,20,25,45,70,90,60,8225224
mimikyu,,,,,,,,,,,,,6109683
minccino,572,cute-charm,technician,skill-link,60,58,4,55,50,40,40,40,75,2300508
minior,,,,,,,,,,,,,6446587
minior-blue,10140,shields-down,,,175,3,3,60,100,60,100,60,120,8221637
minior-blue-gen7,,,,,,,,,,,,,9757807
minior-green,10139,shields-down,,,175,3,3,60,100,60,100,60,120,4242249
minior-green-gen7,,,,,,,,,,,,,6195439
minior-indigo,10141,shields-down,,,175,3,3,60,100,60,100,60,120,4722482
minior-indigo-gen7,,,,,,,,,,,,,7505264
minior-orange,10137,shields-down,,,175,3,3,60,100,60,100,60,120,3809048
minior-orange-gen7,,,,,,,,,,,,,4737989
minior-red,10136,shields-down,,,175,3,3,60,100,60,100,60,120,9950255
minior-red-gen7,,,,,,,,,,,,,6480611
minior-violet,10142,shields-down,,,175,3,3,60,100,60,100,60,120,1942354
minior-violet-gen7,,,,,,,,,,,,,9830121
minior-yellow,10138,shields-down,,,175,3,3,60,100,60,100,60,120,2474605
minior-yellow-gen7,,,,,,,,,,,,,9540329
minun,312,minus,volt-absorb,,142,42,4,60,40,50,75,85,95,4464570
misdreavus,200,levitate,,,87,10,7,60,60,60,85,85,85,9893512
mismagius,429,levitate,,,173,44,9,60,60,60,105,105,105,1280939
moltres,146,pressure,flame-body,,290,600,20,90,100,90,125,85,90,2417229
moltres-galar,10171,berserk,,,290,660,20,90,85,90,100,125,90,1847595
monferno,391,blaze,iron-fist,,142,220,9,64,78,52,78,52,81,3935769
morelull,755,illuminate,effect-spore,rain-dish,57,15,2,40,35,55,65,75,15,7400972
morgrem,860,prankster,frisk,pickpocket,130,125,8,65,60,45,75,55,70,2015969
morpeko,,,,,,,,,,,,,4279113
morpeko-hangry,10187,hunger-switch,,,153,30,3,58,95,58,70,58,97,1295672
mothim,414,swarm,tinted-lens,,148,233,9,70,94,50,94,50,66,475811
mr-mime,122,soundproof,filter,technician,161,545,13,40,45,65,100,120,90,8386768
mr-mime-galar,10168,vital-spirit,screen-cleaner,ice-body,161,568,14,50,65,65,90,90,100,3857321
mr-rime,866,tangled-feet,screen-cleaner,ice-body,182,582,15,80,85,75,110,100,70,5795959
mudbray,749,own-tempo,stamina,inner-focus,77,1100,10,70,100,70,45,55,45,9270477
mudkip,258,torrent,damp,,62,76,4,50,70,50,50,50,40,6852644
mudsdale,750,own-tempo,stamina,inner-focus,175,9200,25,100,125,100,55,85,35,355923
muk,89,stench,sticky-hold,poison-touch,175,300,12,105,105,75,65,100,50,9610915
muk-alola,10113,poison-touch,gluttony,power-of-alchemy,175,520,10,105,105,75,65,100,50,9764383
munchlax,446,pickup,thick-fat,gluttony,78,1050,6,135,85,40,40,85,5,2270864
munna,517,forewarn,synchronize,telepathy,58,233,6,76,25,45,67,55,24,616823
murkrow,198,insomnia,super-luck,prankster,81,21,5,60,85,42,85,42,91,157424
musharna,518,forewarn,synchronize,telepathy,170,605,11,116,55,85,107,95,29,9211172
naganadel,804,beast-boost,,,270,1500,36,73,73,73,127,73,121,3601854
natu,177,synchronize,early-bird,magic-bounce,64,20,2,40,50,45,70,45,70,9063574
necrozma,800,prism-armor,,,300,2300,24,97,107,101,127,89,79,3209167
necrozma-dawn,10156,prism-armor,,,340,3500,42,97,113,109,157,127,77,7848917
necrozma-dusk,10155,prism-armor,,,340,4600,38,97,157,127,113,109,77,4989333
necrozma-ultra,10157,neuroforce,,,339,2300,75,97,167,97,167,97,129,8813978
nickit,827,run-away,unburden,stakeout,49,89,6,40,28,28,47,52,50,6205403
nidoking,34,poison-point,rivalry,sheer-force,253,620,14,81,102,77,85,75,85,213028
nidoqueen,31,poison-point,rivalry,sheer-force,253,600,13,90,92,87,75,85,76,3327250
nidoran-f,29,poison-point,rivalry,hustle,55,70,4,55,47,52,40,40,41,2766227
nidoran-m,32,poison-point,rivalry,hustle,55,90,5,46,57,40,40,40,50,9935534
nidorina,30,poison-point,rivalry,hustle,128,200,8,70,62,67,55,55,56,6143494
nidorino,33,poison-point,rivalry,hustle,128,195,9,61,72,57,55,55,65,2560114
nihilego,793,beast-boost,,,285,555,12,109,53,47,127,131,103,6896222
nincada,290,compound-eyes,run-away,,53,55,5,31,45,90,30,30,40,1347038
ninetales,38,flash-fire,drought,,177,199,11,73,76,75,81,100,100,1303486
ninetales-alola,10104,snow-cloak,snow-warning,,177,199,11,73,67,75,81,100,109,1108102
ninjask,291,speed-boost,infiltrator,,160,120,8,61,90,45,50,50,160,2663406
noctowl,164,insomnia,keen-eye,tinted-lens,158,408,16,100,50,50,86,96,70,9799918
noibat,714,frisk,infiltrator,telepathy,49,80,5,40,30,35,45,40,55,6775095
noivern,715,frisk,infiltrator,telepathy,187,850,15,85,70,80,97,80,123,4664835
nosepass,299,sturdy,magnet-pull,sand-force,75,970,10,30,45,135,45,90,30,5848389
numel,322,oblivious,simple,own-tempo,61,240,7,60,60,40,65,45,35,7460903
nuzleaf,274,chlorophyll,early-bird,pickpocket,119,280,10,70,70,40,60,40,60,1420707
obstagoon,862,reckless,guts,defiant,260,460,16,93,90,101,60,81,95,3143409
octillery,224,suction-cups,sniper,moody,168,285,9,75,105,75,105,75,45,7292761
oddish,43,chlorophyll,run-away,,64,54,5,45,50,55,75,65,30,6370104
omanyte,138,swift-swim,shell-armor,weak-armor,71,75,4,35,40,100,90,55,35,721989
omastar,139,swift-swim,shell-armor,weak-armor,173,350,10,70,60,125,115,70,55,4806803
onix,95,rock-head,sturdy,weak-armor,77,2100,88,35,45,160,30,45,70,4145553
oranguru,765,inner-focus,telepathy,symbiosis,172,760,15,90,60,80,90,110,60,160900
orbeetle,826,swarm,frisk,telepathy,253,408,4,60,45,110,80,120,90,9871221
orbeetle-gmax,10213,swarm,frisk,telepathy,253,10000,140,60,45,110,80,120,90,6460677
oricorio,,,,,,,,,,,,,9105454
oricorio-pau,10124,dancer,,,167,34,6,75,70,70,98,70,93,5255778
oricorio-pom-pom,10123,dancer,,,167,34,6,75,70,70,98,70,93,5180175
oricorio-sensu,10125,dancer,,,167,34,6,75,70,70,98,70,93,9164857
oshawott,501,torrent,shell-armor,,62,59,5,55,55,45,63,45,45,8955826
overqwil,904,poison-point,swift-swim,intimidate,0,605,25,85,115,95,65,65,85,4403905
pachirisu,417,run-away,pickup,volt-absorb,142,39,4,60,45,70,45,90,95,314724
palkia,484,pressure,telepathy,,340,3360,42,90,120,100,150,120,100,3871327
palkia-origin,10246,pressure,telepathy,,0,6590,63,90,100,100,150,120,120,9724007
palossand,770,water-compaction,sand-veil,,168,2500,13,85,75,110,100,75,35,3559758
palpitoad,536,swift-swim,hydration,water-absorb,134,170,8,75,65,55,65,55,69,4316947
pancham,674,iron-fist,mold-breaker,scrappy,70,80,6,67,82,62,46,48,43,9254525
pangoro,675,iron-fist,mold-breaker,scrappy,173,1360,21,95,124,78,69,71,58,8061880
panpour,515,gluttony,torrent,,63,135,6,50,53,48,53,48,64,5048218
pansage,511,gluttony,overgrow,,63,105,6,50,53,48,53,48,64,9939223
pansear,513,gluttony,blaze,,63,110,6,50,53,48,53,48,64,10218031
paras,46,effect-spore,dry-skin,damp,57,54,3,35,70,55,45,55,25,182337
parasect,47,effect-spore,dry-skin,damp,142,295,10,60,95,80,60,80,30,6228284
passimian,766,receiver,defiant,,172,828,20,100,120,90,40,60,80,3023490
patrat,504,run-away,keen-eye,analytic,51,116,5,45,55,39,35,39,42,6652653
pawniard,624,defiant,inner-focus,pressure,68,102,5,45,85,70,40,40,60,2058189
pelipper,279,keen-eye,drizzle,rain-dish,154,280,12,60,50,100,95,70,65,1669971
perrserker,863,battle-armor,tough-claws,steely-spirit,154,280,8,70,110,100,50,60,50,8833653
persian,53,limber,technician,unnerve,154,320,10,65,70,60,65,65,115,8332848
persian-alola,10108,fur-coat,technician,rattled,154,330,11,65,60,60,75,65,115,1253871
petilil,548,chlorophyll,own-tempo,leaf-guard,56,66,5,45,35,50,70,50,30,9499354
phanpy,231,pickup,sand-veil,,66,335,5,90,60,60,40,40,40,2216022
phantump,708,natural-cure,frisk,harvest,62,70,4,43,70,48,50,60,38,753661
pheromosa,795,beast-boost,,,285,250,18,71,137,37,137,37,151,7365847
phione,489,hydration,,,216,31,4,80,80,80,80,80,80,1680953
pichu,172,static,lightning-rod,,41,20,3,20,40,15,35,35,60,5985766
pichu-spiky-eared,,,,,,,,,,,,,9512704
pidgeot,18,keen-eye,tangled-feet,big-pecks,216,395,15,83,80,75,70,70,101,5501167
pidgeot-mega,10073,no-guard,,,261,505,22,83,80,80,135,80,121,983450
pidgeotto,17,keen-eye,tangled-feet,big-pecks,122,300,11,63,60,55,50,50,71,7962348
pidgey,16,keen-eye,tangled-feet,big-pecks,50,18,3,40,45,40,35,35,56,5816534
pidove,519,big-pecks,super-luck,rivalry,53,21,3,50,55,50,36,30,43,7579029
pignite,499,blaze,thick-fat,,146,555,10,90,93,55,70,55,55,3581150
pikachu,25,static,lightning-rod,,112,60,4,35,55,40,50,50,90,9197867
pikachu-alola-cap,10099,static,lightning-rod,,112,60,4,35,55,40,50,50,90,7239822
pikachu-belle,10081,static,lightning-rod,,112,60,4,35,55,40,50,50,90,3940905
pikachu-cosplay,10085,static,lightning-rod,,112,60,4,35,55,40,50,50,90,2672689
pikachu-gmax,10199,static,lightning-rod,,112,10000,210,35,55,40,50,50,90,1370396
pikachu-hoenn-cap,10095,static,lightning-rod,,112,60,4,35,55,40,50,50,90,2240016
pikachu-kalos-cap,10098,static,lightning-rod,,112,60,4,35,55,40,50,50,90,7133694
pikachu-libre,10084,static,lightning-rod,,112,60,4,35,55,40,50,50,90,1299521
pikachu-original-cap,10094,static,lightning-rod,,112,60,4,35,55,40,50,50,90,2305070
pikachu-partner-cap,10148,static,lightning-rod,,112,60,4,35,55,40,50,50,90,3035536
pikachu-phd,10083,static,lightning-rod,,112,60,4,35,55,40,50,50,90,1789087
pikachu-pop-star,10082,static,lightning-rod,,112,60,4,35,55,40,50,50,90,8538716
pikachu-rock-star,10080,static,lightning-rod,,112,60,4,35,55,40,50,50,90,920206
pikachu-sinnoh-cap,10096,static,lightning-rod,,112,60,4,35,55,40,50,50,90,9946017
pikachu-starter,10158,static,lightning-rod,,86,60,4,45,80,50,75,60,120,10061628
pikachu-unova-cap,10097,static,lightning-rod,,112,60,4,35,55,40,50,50,90,5775239
pikachu-world-cap,10160,static,lightning-rod,,112,60,4,35,55,40,50,50,90,7530014
pikipek,731,keen-eye,skill-link,pickup,53,12,3,35,75,30,30,30,65,4442512
piloswine,221,oblivious,snow-cloak,thick-fat,158,558,11,100,100,80,60,60,50,4726032
pincurchin,871,lightning-rod,electric-surge,,152,10,3,48,101,95,91,85,15,5730857
pineco,204,sturdy,overcoat,,58,72,6,50,65,90,35,35,15,4259
pinsir,127,hyper-cutter,mold-breaker,moxie,175,550,15,65,125,100,55,70,85,2680055
pinsir-mega,10040,aerilate,,,210,590,17,65,155,120,65,90,105,305844
piplup,393,torrent,defiant,,63,52,4,53,51,53,61,56,40,996983
plusle,311,plus,lightning-rod,,142,42,4,60,50,40,85,75,95,8729150
poipole,803,beast-boost,,,210,18,6,67,73,67,73,67,73,7798175
politoed,186,water-absorb,damp,drizzle,250,339,11,90,75,75,90,100,70,8369564
poliwag,60,water-absorb,damp,swift-swim,60,124,6,40,50,40,40,40,90,7252431
poliwhirl,61,water-absorb,damp,swift-swim,135,200,10,65,65,65,50,50,90,4347776
poliwrath,62,water-absorb,damp,swift-swim,255,540,13,90,95,95,70,90,70,1968568
polteageist,855,weak-armor,cursed-body,,178,4,2,60,65,65,134,114,70,7508814
ponyta,77,run-away,flash-fire,flame-body,82,300,10,50,85,55,65,65,90,5117454
ponyta-galar,10162,run-away,pastel-veil,anticipation,82,240,8,50,85,55,65,65,90,5229546
poochyena,261,run-away,quick-feet,rattled,56,136,5,35,55,35,30,30,35,5977915
popplio,728,torrent,liquid-voice,,64,75,4,50,54,54,66,56,40,3846983
porygon,137,trace,download,analytic,79,365,8,65,60,70,85,75,40,2029534
porygon-z,474,adaptability,download,analytic,268,340,9,85,80,70,135,75,90,7137998
porygon2,233,trace,download,analytic,180,325,6,85,80,90,105,95,60,2703805
primarina,730,torrent,liquid-voice,,265,440,18,80,74,74,126,116,60,9376811
primeape,57,vital-spirit,anger-point,defiant,159,320,10,65,105,60,60,70,95,8461362
prinplup,394,torrent,defiant,,142,230,8,64,66,68,81,76,50,6116489
probopass,476,sturdy,magnet-pull,sand-force,184,3400,14,60,55,145,75,150,40,10028166
psyduck,54,damp,cloud-nine,swift-swim,64,196,8,50,52,48,65,50,55,2700080
pumpkaboo,,,,,,,,,,,,,5988244
pumpkaboo-large,10028,pickup,frisk,insomnia,67,75,5,54,66,70,44,55,46,2546455
pumpkaboo-small,10027,pickup,frisk,insomnia,67,35,3,44,66,70,44,55,56,6267380
pumpkaboo-super,10029,pickup,frisk,insomnia,67,150,8,59,66,70,44,55,41,456686
pupitar,247,shed-skin,,,144,1520,12,70,84,70,65,70,51,56239
purrloin,509,limber,unburden,prankster,56,101,4,41,50,37,50,37,66,7714566
purugly,432,thick-fat,own-tempo,defiant,158,438,10,71,82,64,64,59,112,9991969
pyroar,668,rivalry,unnerve,moxie,177,815,15,86,68,72,109,66,106,288902
pyukumuku,771,innards-out,unaware,,144,12,3,55,60,130,30,130,5,6741599
quagsire,195,damp,water-absorb,unaware,151,750,14,95,85,85,65,65,35,9922249
quilava,156,blaze,flash-fire,,142,190,9,58,64,58,80,65,80,3301545
quilladin,651,overgrow,bulletproof,,142,290,7,61,78,95,56,58,57,9589184
qwilfish,211,poison-point,swift-swim,intimidate,88,39,5,65,95,85,55,55,85,924427
qwilfish-hisui,10234,poison-point,swift-swim,intimidate,0,39,5,65,95,85,55,55,85,5156652
raboot,814,blaze,libero,,147,90,6,65,86,60,55,60,94,8013193
raichu,26,static,lightning-rod,,243,300,8,60,90,55,90,80,110,10042375
raichu-alola,10100,surge-surfer,,,243,210,7,60,85,50,95,85,110,4591601
raikou,243,pressure,inner-focus,,290,1780,19,90,85,75,115,100,115,5421465
ralts,280,synchronize,trace,telepathy,40,66,4,28,25,25,45,35,40,3051527
rampardos,409,mold-breaker,sheer-force,,173,1025,16,97,165,60,65,50,58,9391255
rapidash,78,run-away,flash-fire,flame-body,175,950,17,65,100,70,80,80,105,6858789
rapidash-galar,10163,run-away,pastel-veil,anticipation,175,800,17,65,100,70,80,80,105,1645266
raticate,20,run-away,guts,hustle,145,185,7,55,81,60,50,70,97,1477624
raticate-alola,10092,gluttony,hustle,thick-fat,145,255,7,75,71,70,40,80,77,3296067
rattata,19,run-away,guts,hustle,51,35,3,30,56,35,25,35,72,6790466
rattata-alola,10091,gluttony,hustle,thick-fat,51,38,3,30,56,35,25,35,72,5436727
rayquaza,384,air-lock,,,340,2065,70,105,150,90,150,90,95,245030
rayquaza-mega,10079,delta-stream,,,351,3920,108,105,180,100,180,100,115,7869650
regice,378,clear-body,ice-body,,290,1750,18,80,50,100,100,200,50,3457610
regidrago,895,dragons-maw,,,290,2000,21,200,100,50,100,50,80,2110166
regieleki,894,transistor,,,290,1450,12,80,100,50,100,50,200,5376693
regigigas,486,slow-start,,,335,4200,37,110,160,110,80,110,100,5283405
regirock,377,clear-body,sturdy,,290,2300,17,80,100,200,50,100,50,2483311
registeel,379,clear-body,light-metal,,290,2050,19,80,75,150,75,150,50,2894958
relicanth,369,swift-swim,rock-head,sturdy,170,234,10,100,90,130,45,65,55,4970395
remoraid,223,hustle,sniper,moody,60,120,6,35,65,35,65,35,65,2291517
reshiram,643,turboblaze,,,340,3300,32,100,120,100,150,120,90,7014145
reuniclus,579,overcoat,magic-guard,regenerator,245,201,10,110,65,75,125,85,30,42802
rhydon,112,lightning-rod,rock-head,reckless,170,1200,19,105,130,120,45,45,40,3960403
rhyhorn,111,lightning-rod,rock-head,reckless,69,1150,10,80,85,95,30,30,25,2433771
rhyperior,464,lightning-rod,solid-rock,reckless,268,2828,24,115,140,130,55,55,40,522286
ribombee,743,honey-gather,shield-dust,sweet-veil,162,5,2,60,55,60,95,70,124,9819990
rillaboom,812,overgrow,grassy-surge,,265,900,21,100,125,90,60,70,85,784710
rillaboom-gmax,10209,overgrow,grassy-surge,,265,10000,280,100,125,90,60,70,85,8414927
riolu,447,steadfast,inner-focus,prankster,57,202,7,40,70,40,35,40,60,1677983
rockruff,744,keen-eye,vital-spirit,steadfast,56,92,5,45,65,40,30,40,60,8019933
roggenrola,524,sturdy,weak-armor,sand-force,56,180,4,55,75,85,25,25,15,6270037
rolycoly,837,steam-engine,heatproof,flash-fire,48,120,3,30,40,50,40,50,30,10275267
rookidee,821,keen-eye,unnerve,big-pecks,49,18,2,38,47,35,33,35,57,7526638
roselia,315,natural-cure,poison-point,leaf-guard,140,20,3,50,60,45,100,80,65,6546770
roserade,407,natural-cure,poison-point,technician,258,145,9,60,70,65,125,105,90,4178461
rotom,479,levitate,,,154,3,3,50,50,77,95,77,91,4522376
rotom-fan,10011,levitate,,,182,3,3,50,65,107,105,107,86,5668103
rotom-frost,10010,levitate,,,182,3,3,50,65,107,105,107,86,2532676
rotom-heat,10008,levitate,,,182,3,3,50,65,107,105,107,86,8112196
rotom-mow,10012,levitate,,,182,3,3,50,65,107,105,107,86,6885429
rotom-wash,10009,levitate,,,182,3,3,50,65,107,105,107,86,2776330
rowlet,722,overgrow,long-reach,,64,15,3,68,55,55,50,50,42,2838279
rufflet,627,keen-eye,sheer-force,hustle,70,105,5,70,83,50,37,50,60,8098576
runerigus,867,wandering-spirit,,,169,666,16,58,95,145,50,105,30,2091690
sableye,302,keen-eye,stall,prankster,133,110,5,50,75,75,65,65,50,4769298
sableye-mega,10066,magic-bounce,,,168,1610,5,50,85,125,85,115,20,7232901
salamence,373,intimidate,moxie,,300,1026,15,95,135,80,110,80,100,4206866
salamence-mega,10089,aerilate,,,315,1126,18,95,145,130,120,90,120,9860474
salandit,757,corrosion,oblivious,,64,48,6,48,44,40,71,40,77,8315425
salazzle,758,corrosion,oblivious,,168,222,12,68,64,60,111,60,117,10302696
samurott,503,torrent,shell-armor,,238,946,15,95,100,85,108,70,70,8690572
samurott-hisui,10236,torrent,shell-armor,,0,582,15,90,108,80,100,65,85,7055932
sandaconda,844,sand-spit,shed-skin,sand-veil,179,655,38,72,107,125,65,70,71,8654013
sandaconda-gmax,10218,sand-spit,shed-skin,sand-veil,179,10000,220,72,107,125,65,70,71,6816372
sandile,551,intimidate,moxie,anger-point,58,152,7,50,72,35,35,35,65,4142105
sandshrew,27,sand-veil,sand-rush,,60,120,6,50,75,85,20,30,40,6288889
sandshrew-alola,10101,snow-cloak,slush-rush,,60,400,7,50,75,90,10,35,40,9079617
sandslash,28,sand-veil,sand-rush,,158,295,10,75,100,110,45,55,65,6120561
sandslash-alola,10102,snow-cloak,slush-rush,,158,550,12,75,100,120,25,65,65,8931763
sandygast,769,water-compaction,sand-veil,,64,700,5,55,55,80,70,45,15,6801733
sawk,539,sturdy,inner-focus,mold-breaker,163,510,14,75,125,75,30,75,85,2339170
sawsbuck,586,chlorophyll,sap-sipper,serene-grace,166,925,19,80,100,70,60,70,95,3540416
sawsbuck-autumn,,,,,,,,,,,,,7255889
sawsbuck-summer,,,,,,,,,,,,,2186348
sawsbuck-winter,,,,,,,,,,,,,1043684
scatterbug,664,shield-dust,compound-eyes,friend-guard,40,25,3,38,35,40,27,25,35,3669390
sceptile,254,overgrow,unburden,,265,522,17,70,85,65,105,85,120,2875849
sceptile-mega,10065,lightning-rod,,,284,552,19,70,110,75,145,85,145,5721597
scizor,212,swarm,technician,light-metal,175,1180,18,70,130,100,55,80,65,275530
scizor-mega,10046,technician,,,210,1250,20,70,150,140,65,100,75,1898920
scolipede,545,poison-point,swarm,speed-boost,243,2005,25,60,100,89,55,69,112,1864591
scorbunny,813,blaze,libero,,62,45,3,50,71,40,40,40,69,10279349
scrafty,560,shed-skin,moxie,intimidate,171,300,11,65,90,115,45,115,58,4049273
scraggy,559,shed-skin,moxie,intimidate,70,118,6,50,75,70,35,70,48,638513
scyther,123,swarm,technician,steadfast,100,560,15,70,110,80,55,80,105,9626630
seadra,117,poison-point,sniper,damp,154,250,12,55,65,95,95,45,85,2504378
seaking,119,swift-swim,water-veil,lightning-rod,158,390,13,80,92,65,65,80,68,2930369
sealeo,364,thick-fat,ice-body,oblivious,144,876,11,90,60,70,75,70,45,59627
seedot,273,chlorophyll,early-bird,pickpocket,44,40,5,40,40,50,30,30,30,4754369
seel,86,thick-fat,hydration,ice-body,65,900,11,65,45,55,45,70,45,3891593
seismitoad,537,swift-swim,poison-touch,water-absorb,255,620,15,105,95,75,85,75,74,4230415
sentret,161,run-away,keen-eye,frisk,43,60,8,35,46,34,35,45,20,2941041
serperior,497,overgrow,contrary,,238,630,33,75,75,95,75,95,113,6747150
servine,496,overgrow,contrary,,145,160,8,60,60,75,60,75,83,3984663
seviper,336,shed-skin,infiltrator,,160,525,27,73,100,60,100,60,65,4125273
sewaddle,540,swarm,chlorophyll,overcoat,62,25,3,45,53,70,40,60,42,8987410
sharpedo,319,rough-skin,speed-boost,,161,888,18,70,120,40,95,40,95,9002163
sharpedo-mega,10070,strong-jaw,,,196,1303,25,70,140,70,110,65,105,1548494
shaymin,,,,,,,,,,,,,9102295
shaymin-sky,10006,serene-grace,,,270,52,4,100,103,75,120,75,127,7215994
shedinja,292,wonder-guard,,,83,12,8,1,90,45,30,30,40,8564849
shelgon,372,rock-head,overcoat,,147,1105,11,65,95,100,60,50,50,4320586
shellder,90,shell-armor,skill-link,overcoat,61,40,3,30,65,100,45,25,40,2825079
shellos,422,sticky-hold,storm-drain,sand-force,65,63,3,76,48,48,57,62,34,8044677
shellos-east,,,,,,,,,,,,,8168035
shelmet,616,hydration,shell-armor,overcoat,61,77,4,50,40,85,40,65,25,9868369
shieldon,410,sturdy,soundproof,,70,570,5,30,42,118,42,88,30,7464716
shiftry,275,chlorophyll,early-bird,pickpocket,240,596,13,90,100,60,90,60,80,7352404
shiinotic,756,illuminate,effect-spore,rain-dish,142,115,10,60,45,80,90,100,30,8124061
shinx,403,rivalry,intimidate,guts,53,95,5,45,65,34,40,34,45,5953017
shroomish,285,effect-spore,poison-heal,quick-feet,59,45,4,60,40,60,40,60,35,8359055
shuckle,213,sturdy,gluttony,contrary,177,205,6,20,10,230,10,230,5,2962444
shuppet,353,insomnia,frisk,cursed-body,59,23,6,44,75,35,63,33,45,10242274
sigilyph,561,wonder-skin,magic-guard,tinted-lens,172,140,14,72,58,80,103,80,97,3441418
silcoon,266,shed-skin,,,72,100,6,50,35,55,25,25,15,4757323
silicobra,843,sand-spit,shed-skin,sand-veil,63,76,22,52,57,75,35,50,46,8968817
silvally,773,rks-system,,,285,1005,23,95,95,95,95,95,95,8141221
silvally-bug,,,,,,,,,,,,,4858197
silvally-dark,,,,,,,,,,,,,4058938
silvally-dragon,,,,,,,,,,,,,10229658
silvally-electric,,,,,,,,,,,,,4636310
silvally-fairy,,,,,,,,,,,,,7718524
silvally-fighting,,,,,,,,,,,,,3711751
silvally-fire,,,,,,,,,,,,,5835810
silvally-flying,,,,,,,,,,,,,9551271
silvally-ghost,,,,,,,,,,,,,3896867
silvally-grass,,,,,,,,,,,,,2573867
silvally-ground,,,,,,,,,,,,,7194631
silvally-ice,,,,,,,,,,,,,10015511
silvally-poison,,,,,,,,,,,,,8732036
silvally-psychic,,,,,,,,,,,,,6232933
silvally-rock,,,,,,,,,,,,,6507574
silvally-steel,,,,,,,,,,,,,5779525
silvally-water,,,,,,,,,,,,,3687002
simipour,516,gluttony,torrent,,174,290,10,75,98,63,98,63,101,6589443
simisage,512,gluttony,overgrow,,174,305,11,75,98,63,98,63,101,350652
simisear,514,gluttony,blaze,,174,280,10,75,98,63,98,63,101,3017627
sinistea,854,weak-armor,cursed-body,,62,2,1,40,45,45,74,54,50,5601830
sirfetchd,865,steadfast,scrappy,,177,1170,8,62,135,95,68,82,65,3385316
sizzlipede,850,flash-fire,white-smoke,flame-body,61,10,7,50,65,45,50,50,45,3452845
skarmory,227,keen-eye,sturdy,weak-armor,163,505,17,65,80,140,40,70,70,6496865
skiddo,672,sap-sipper,grass-pelt,,70,310,9,66,65,48,62,57,52,9138059
skiploom,188,chlorophyll,leaf-guard,infiltrator,119,10,6,55,45,50,45,65,80,6342065
skitty,300,cute-charm,normalize,wonder-skin,52,110,6,50,45,45,35,35,50,5318099
skorupi,451,battle-armor,sniper,keen-eye,66,120,8,40,50,90,30,55,65,2159745
skrelp,690,poison-point,poison-touch,adaptability,64,73,5,50,60,60,60,60,30,8407591
skuntank,435,stench,aftermath,keen-eye,168,380,10,103,93,67,71,61,84,4906422
skwovet,819,cheek-pouch,gluttony,,55,25,3,70,55,55,35,35,25,240036
slaking,289,truant,,,252,1305,20,150,160,100,95,65,100,6713137
slakoth,287,truant,,,56,240,8,60,60,60,35,35,30,8497892
sliggoo,705,sap-sipper,hydration,gooey,158,175,8,68,75,53,83,113,60,2769787
sliggoo-hisui,10241,sap-sipper,overcoat,gooey,0,685,7,58,75,83,83,113,40,5321794
slowbro,80,oblivious,own-tempo,regenerator,172,785,16,95,75,110,100,80,30,5197509
slowbro-galar,10165,quick-draw,own-tempo,regenerator,172,705,16,95,100,95,100,70,30,7966441
slowbro-mega,10071,shell-armor,,,207,1200,20,95,75,180,130,80,30,5932490
slowking,199,oblivious,own-tempo,regenerator,172,795,20,95,75,80,100,110,30,9478934
slowking-galar,10172,curious-medicine,own-tempo,regenerator,172,795,18,95,65,80,110,110,30,5708444
slowpoke,79,oblivious,own-tempo,regenerator,63,360,12,90,65,65,40,40,15,3412611
slowpoke-galar,10164,gluttony,own-tempo,regenerator,63,360,12,90,65,65,40,40,15,2021605
slugma,218,magma-armor,flame-body,weak-armor,50,350,7,40,40,40,70,40,20,8677882
slurpuff,685,sweet-veil,unburden,,168,50,8,82,80,86,85,75,72,3660056
smeargle,235,own-tempo,technician,moody,88,580,12,55,20,35,20,45,75,3757051
smoochum,238,oblivious,forewarn,hydration,61,60,4,45,30,15,85,65,65,4889327
sneasel,215,inner-focus,keen-eye,pickpocket,86,280,9,55,95,55,35,75,115,3421650
sneasel-hisui,10235,inner-focus,keen-eye,poison-touch,0,270,9,55,95,55,35,75,115,7893765
sneasler,903,pressure,poison-touch,,0,430,13,80,130,60,40,80,120,1115667
snivy,495,overgrow,contrary,,62,81,6,45,45,55,45,55,63,470055
snom,872,shield-dust,ice-scales,,37,38,3,30,25,35,45,30,20,5525355
snorlax,143,immunity,thick-fat,gluttony,189,4600,21,160,110,65,65,110,30,3528242
snorlax-gmax,10206,immunity,thick-fat,gluttony,189,10000,350,160,110,65,65,110,30,490821
snorunt,361,inner-focus,ice-body,moody,60,168,7,50,50,50,50,50,50,2497849
snover,459,snow-warning,soundproof,,67,505,10,60,62,50,62,60,40,9257383
snubbull,209,intimidate,run-away,rattled,60,78,6,60,80,50,40,40,30,5649208
sobble,816,torrent,sniper,,62,40,3,50,40,40,70,40,70,6953364
solgaleo,791,full-metal-body,,,340,2300,34,137,137,107,113,89,97,5017361
solosis,577,overcoat,magic-guard,regenerator,58,10,3,45,30,40,105,50,20,7444556
solrock,338,levitate,,,161,1540,12,90,95,85,55,65,70,8775958
spearow,21,keen-eye,sniper,,52,20,3,40,60,30,31,31,70,7165717
spectrier,897,grim-neigh,,,290,445,20,100,65,60,145,80,130,677520
spewpa,665,shed-skin,friend-guard,,75,84,3,45,22,60,27,30,29,5493485
spheal,363,thick-fat,ice-body,oblivious,58,395,8,70,40,50,55,50,25,1773464
spinarak,167,swarm,insomnia,sniper,50,85,5,40,60,40,40,40,30,9974756
spinda,327,own-tempo,tangled-feet,contrary,126,50,11,60,60,60,60,60,60,5225657
spinda-blank,,,,,,,,,,,,,1825551
spinda-filled,,,,,,,,,,,,,7145205
spiritomb,442,pressure,infiltrator,,170,1080,10,50,92,108,92,108,35,5591606
spoink,325,thick-fat,own-tempo,gluttony,66,306,7,60,25,35,70,80,60,9943246
spritzee,682,healer,aroma-veil,,68,5,2,78,52,60,63,65,23,3279525
squirtle,7,torrent,rain-dish,,63,90,5,44,48,65,50,64,43,5938810
stakataka,805,beast-boost,,,285,8200,55,61,131,211,53,101,13,7548516
stantler,234,intimidate,frisk,sap-sipper,163,712,14,73,95,62,85,65,85,7757703
staraptor,398,intimidate,reckless,,218,249,12,85,120,70,50,60,100,9399399
staravia,397,intimidate,reckless,,119,155,6,55,75,50,40,40,80,4245799
starly,396,keen-eye,reckless,,49,20,3,40,55,30,30,30,60,8697760
starmie,121,illuminate,natural-cure,analytic,182,800,11,60,75,85,100,85,115,6551888
staryu,120,illuminate,natural-cure,analytic,68,345,8,30,45,55,70,55,85,1338453
steelix,208,rock-head,sturdy,sheer-force,179,4000,92,75,85,200,55,65,30,1684201
steelix-mega,10072,sand-force,,,214,7400,105,75,125,230,55,95,30,1064553
steenee,762,leaf-guard,oblivious,sweet-veil,102,82,7,52,40,48,40,48,62,4562478
stonjourner,874,power-spot,,,165,5200,25,100,125,135,20,20,70,9313689
stoutland,508,intimidate,sand-rush,scrappy,250,610,12,85,110,90,45,90,80,2164665
stufful,759,fluffy,klutz,cute-charm,68,68,5,70,75,50,45,50,50,466503
stunfisk,618,static,limber,sand-veil,165,110,7,109,66,84,81,99,32,8024222
stunfisk-galar,10180,mimicry,,,165,205,7,109,81,99,66,84,32,658778
stunky,434,stench,aftermath,keen-eye,66,192,4,63,63,47,41,41,74,2658643
sudowoodo,185,sturdy,rock-head,rattled,144,380,12,70,100,115,30,65,30,7343577
suicune,245,pressure,inner-focus,,290,1870,20,100,75,115,90,115,85,109012
sunflora,192,chlorophyll,solar-power,early-bird,149,85,8,75,75,55,105,85,30,4533635
sunkern,191,chlorophyll,solar-power,early-bird,36,18,3,30,30,30,30,30,30,9761394
surskit,283,swift-swim,rain-dish,,54,17,5,40,30,32,50,52,65,2356262
swablu,333,natural-cure,cloud-nine,,62,12,4,45,40,60,40,75,50,648839
swadloon,541,leaf-guard,chlorophyll,overcoat,133,73,5,55,63,90,50,80,42,2650858
swalot,317,liquid-ooze,sticky-hold,gluttony,163,800,17,100,73,83,73,83,55,883564
swampert,260,torrent,damp,,268,819,15,100,110,90,85,90,60,8318648
swampert-mega,10064,swift-swim,,,286,1020,19,100,150,110,95,110,70,5653905
swanna,581,keen-eye,big-pecks,hydration,166,242,13,75,87,63,87,63,98,322342
swellow,277,guts,scrappy,,159,198,7,60,85,60,75,50,125,7948205
swinub,220,oblivious,snow-cloak,thick-fat,50,65,4,50,50,40,30,30,50,8944613
swirlix,684,sweet-veil,unburden,,68,35,4,62,48,66,59,57,49,7447275
swoobat,528,unaware,klutz,simple,149,105,9,67,57,55,77,55,114,7813971
sylveon,700,cute-charm,pixilate,,184,235,10,95,65,65,110,130,60,9671546
taillow,276,guts,scrappy,,54,23,3,40,55,30,30,30,85,10258793
talonflame,663,flame-body,gale-wings,,175,245,12,78,81,71,74,69,126,9901311
tangela,114,chlorophyll,leaf-guard,regenerator,87,350,10,65,55,115,100,40,60,6611437
tangrowth,465,chlorophyll,leaf-guard,regenerator,187,1286,20,100,100,125,110,50,50,30069
tapu-bulu,787,grassy-surge,telepathy,,285,455,19,70,130,115,85,95,75,3517177
tapu-fini,788,misty-surge,telepathy,,285,212,13,70,75,115,95,130,85,2513083
tapu-koko,785,electric-surge,telepathy,,285,205,18,70,115,85,95,75,130,2402738
tapu-lele,786,psychic-surge,telepathy,,285,186,12,70,85,75,130,115,95,1776752
tauros,128,intimidate,anger-point,sheer-force,172,884,14,75,100,95,40,70,110,1925039
teddiursa,216,pickup,quick-feet,honey-gather,66,88,6,60,80,50,50,50,40,3545215
tentacool,72,clear-body,liquid-ooze,rain-dish,67,455,9,40,40,35,50,100,70,1738793
tentacruel,73,clear-body,liquid-ooze,rain-dish,180,550,16,80,70,65,80,120,100,7262259
tepig,498,blaze,thick-fat,,62,99,5,65,63,45,45,45,45,6272007
terrakion,639,justified,,,290,2600,19,91,129,90,72,90,108,9521078
thievul,828,run-away,unburden,stakeout,159,199,12,70,58,58,87,92,90,1447896
throh,538,guts,inner-focus,mold-breaker,163,555,13,120,100,85,30,85,45,1424492
thundurus,,,,,,,,,,,,,9141331
thundurus-therian,10020,volt-absorb,,,290,610,30,79,105,70,145,80,101,4938857
thwackey,811,overgrow,grassy-surge,,147,140,7,70,85,70,55,60,80,6137034
timburr,532,guts,sheer-force,iron-fist,61,125,6,75,80,55,25,35,35,1468586
tirtouga,564,solid-rock,sturdy,swift-swim,71,165,7,54,78,103,53,45,22,1559901
togedemaru,777,iron-barbs,lightning-rod,sturdy,152,33,3,65,98,63,40,73,96,8297668
togekiss,468,hustle,serene-grace,super-luck,273,380,15,85,50,95,120,115,80,1533907
togepi,175,hustle,serene-grace,super-luck,49,15,3,35,20,65,40,65,20,7229335
togetic,176,hustle,serene-grace,super-luck,142,32,6,55,40,85,80,105,40,3471335
torchic,255,blaze,speed-boost,,62,25,4,45,60,40,70,50,45,2818622
torkoal,324,white-smoke,drought,shell-armor,165,804,5,70,85,140,85,70,20,4566460
tornadus,,,,,,,,,,,,,5854254
tornadus-therian,10019,regenerator,,,290,630,14,79,100,80,110,90,121,8701111
torracat,726,blaze,intimidate,,147,250,7,65,85,50,80,50,90,6843112
torterra,389,overgrow,shell-armor,,236,3100,22,95,109,105,75,85,56,8769103
totodile,158,torrent,sheer-force,,63,95,6,50,65,64,44,48,43,1074815
toucannon,733,keen-eye,skill-link,sheer-force,218,260,11,80,120,75,75,75,60,4460499
toxapex,748,merciless,limber,regenerator,173,145,7,50,63,152,53,142,35,3113850
toxel,848,rattled,static,klutz,48,110,4,40,38,35,54,35,40,5496650
toxicroak,454,anticipation,dry-skin,poison-touch,172,444,13,83,106,65,86,65,85,6833635
toxtricity,,,,,,,,,,,,,1135634
toxtricity-gmax,,,,,,,,,,,,,2586467
toxtricity-low-key,10184,punk-rock,minus,technician,176,400,16,75,98,70,114,70,75,6315629
tranquill,520,big-pecks,super-luck,rivalry,125,150,6,62,77,62,50,42,65,3222780
trapinch,328,hyper-cutter,arena-trap,sheer-force,58,150,7,45,100,45,45,45,10,6373212
treecko,252,overgrow,unburden,,62,50,5,40,45,35,65,55,70,3850358
trevenant,709,natural-cure,frisk,harvest,166,710,15,85,110,76,65,82,56,5337799
tropius,357,chlorophyll,solar-power,harvest,161,1000,20,99,68,83,72,87,51,8153879
trubbish,568,stench,sticky-hold,aftermath,66,310,6,50,50,62,40,62,65,5476084
trumbeak,732,keen-eye,skill-link,pickup,124,148,6,55,85,50,40,50,75,519123
tsareena,763,leaf-guard,queenly-majesty,sweet-veil,255,214,12,72,120,98,50,98,72,7602486
turtonator,776,shell-armor,,,170,2120,20,60,78,135,91,85,36,4037747
turtwig,387,overgrow,shell-armor,,64,102,4,55,68,64,45,55,31,5823169
tympole,535,swift-swim,hydration,water-absorb,59,45,5,50,50,40,50,40,64,7007765
tynamo,602,levitate,,,55,3,2,35,55,40,45,40,60,4478311
type-null,772,battle-armor,,,107,1205,19,95,95,95,95,95,59,710737
typhlosion,157,blaze,flash-fire,,240,795,17,78,84,78,109,85,100,3416508
typhlosion-hisui,10233,blaze,flash-fire,,0,698,16,73,84,78,119,85,95,3761719
tyranitar,248,sand-stream,unnerve,,300,2020,20,100,134,110,95,100,61,2739149
tyranitar-mega,10049,sand-stream,,,315,2550,25,100,164,150,95,120,71,6805689
tyrantrum,697,strong-jaw,rock-head,,182,2700,25,82,121,119,69,59,71,1266031
tyrogue,236,guts,steadfast,vital-spirit,42,210,7,35,35,35,35,35,35,5819885
tyrunt,696,strong-jaw,sturdy,,72,260,8,58,89,77,45,45,48,9809984
umbreon,197,synchronize,inner-focus,,184,270,10,95,65,110,60,130,65,3616408
unfezant,521,big-pecks,super-luck,rivalry,244,290,12,80,115,80,65,55,93,4870842
unown,201,levitate,,,118,50,5,48,72,48,72,48,48,3454925
unown-b,,,,,,,,,,,,,7244223
unown-c,,,,,,,,,,,,,3974896
unown-d,,,,,,,,,,,,,4485437
unown-e,,,,,,,,,,,,,2273685
unown-exclamation,,,,,,,,,,,,,7192424
unown-f,,,,,,,,,,,,,4954654
unown-g,,,,,,,,,,,,,5045627
unown-h,,,,,,,,,,,,,2821267
unown-i,,,,,,,,,,,,,6278446
unown-j,,,,,,,,,,,,,6721463
unown-k,,,,,,,,,,,,,3868454
unown-l,,,,,,,,,,,,,4250034
unown-m,,,,,,,,,,,,,9495035
unown-n,,,,,,,,,,,,,4761437
unown-o,,,,,,,,,,,,,3781568
unown-p,,,,,,,,,,,,,2359196
unown-q,,,,,,,,,,,,,7041653
unown-question,,,,,,,,,,,,,4335929
unown-r,,,,,,,,,,,,,4683911
unown-s,,,,,,,,,,,,,5929517
unown-t,,,,,,,,,,,,,4633842
unown-u,,,,,,,,,,,,,3981453
unown-v,,,,,,,,,,,,,5851497
unown-w,,,,,,,,,,,,,9689425
unown-x,,,,,,,,,,,,,5957741
unown-y,,,,,,,,,,,,,1896319
unown-z,,,,,,,,,,,,,1643018
ursaluna,901,guts,bulletproof,unnerve,0,2900,24,130,140,105,45,80,50,7564491
ursaring,217,guts,quick-feet,unnerve,175,1258,18,90,130,75,75,75,55,0
urshifu,,,,,,,,,,,,,7826723
urshifu-gmax,,,,,,,,,,,,,2251589
urshifu-rapid-strike-gmax,10227,unseen-fist,,,275,10000,260,100,130,100,63,60,97,7173070
uxie,480,levitate,,,290,3,3,75,75,130,75,130,95,3548699
vanillish,583,ice-body,snow-cloak,weak-armor,138,410,11,51,65,65,80,75,59,6274948
vanillite,582,ice-body,snow-cloak,weak-armor,61,57,4,36,50,50,65,60,44,473376
vanilluxe,584,ice-body,snow-warning,weak-armor,268,575,13,71,95,85,110,95,79,4787397
vaporeon,134,water-absorb,hydration,,184,290,10,130,65,60,110,95,65,8518095
venipede,543,poison-point,swarm,speed-boost,52,53,4,30,45,59,30,39,57,7665079
venomoth,49,shield-dust,tinted-lens,wonder-skin,158,125,15,70,65,60,90,75,90,3183631
venonat,48,compound-eyes,tinted-lens,run-away,61,300,10,60,55,50,40,55,45,4305596
venusaur,3,overgrow,chlorophyll,,263,1000,20,80,82,83,100,100,80,1318660
venusaur-gmax,10195,overgrow,chlorophyll,,236,10000,240,80,82,83,100,100,80,3812615
venusaur-mega,10033,thick-fat,,,281,1555,24,80,100,123,122,120,80,8946877
vespiquen,416,pressure,unnerve,,166,385,12,70,80,102,80,102,40,3281875
vibrava,329,levitate,,,119,153,11,50,70,50,50,50,70,2871791
victini,494,victory-star,,,300,40,4,100,100,100,100,100,100,8198060
victreebel,71,chlorophyll,gluttony,,221,155,17,80,105,65,100,70,70,4928690
vigoroth,288,vital-spirit,,,154,465,14,80,80,80,55,55,90,4846816
vikavolt,738,levitate,,,250,450,15,77,70,90,145,75,43,8033875
vileplume,45,chlorophyll,effect-spore,,245,186,12,75,80,85,110,90,50,543457
virizion,640,justified,,,290,2000,20,91,90,72,90,129,108,5894067
vivillon,666,shield-dust,compound-eyes,friend-guard,185,170,12,80,52,50,90,50,89,460965
vivillon-archipelago,,,,,,,,,,,,,6310251
vivillon-continental,,,,,,,,,,,,,4516865
vivillon-elegant,,,,,,,,,,,,,4479890
vivillon-fancy,,,,,,,,,,,,,5353065
vivillon-garden,,,,,,,,,,,,,1595157
vivillon-high-plains,,,,,,,,,,,,,3274087
vivillon-icy-snow,,,,,,,,,,,,,3257537
vivillon-jungle,,,,,,,,,,,,,5142423
vivillon-marine,,,,,,,,,,,,,9414403
vivillon-modern,,,,,,,,,,,,,3909512
vivillon-monsoon,,,,,,,,,,,,,1058946
vivillon-ocean,,,,,,,,,,,,,7752221
vivillon-poke-ball,,,,,,,,,,,,,9201404
vivillon-polar,,,,,,,,,,,,,1341602
vivillon-river,,,,,,,,,,,,,4083962
vivillon-sandstorm,,,,,,,,,,,,,4078495
vivillon-savanna,,,,,,,,,,,,,4612931
vivillon-sun,,,,,,,,,,,,,7888234
vivillon-tundra,,,,,,,,,,,,,8132836
volbeat,313,illuminate,swarm,prankster,151,177,7,65,73,75,47,85,85,6973369
volcanion,721,water-absorb,,,300,1950,17,80,110,120,130,90,70,2989608
volcarona,637,flame-body,swarm,,275,460,16,85,60,65,135,105,100,1078411
voltorb,100,soundproof,static,aftermath,66,104,5,40,30,50,55,55,100,9136081
voltorb-hisui,10231,soundproof,static,aftermath,0,130,5,40,30,50,55,55,100,2478180
vullaby,629,big-pecks,overcoat,weak-armor,74,90,5,70,55,75,45,65,60,9025218
vulpix,37,flash-fire,drought,,60,99,6,38,41,40,50,65,65,4764792
vulpix-alola,10103,snow-cloak,snow-warning,,60,99,6,38,41,40,50,65,65,6088968
wailmer,320,water-veil,oblivious,pressure,80,1300,20,130,70,35,70,35,60,3915060
wailord,321,water-veil,oblivious,pressure,175,3980,145,170,90,45,90,45,60,3994956
walrein,365,thick-fat,ice-body,oblivious,265,1506,14,110,80,90,95,90,65,9325672
wartortle,8,torrent,rain-dish,,142,225,10,59,63,80,65,80,58,7246989
watchog,505,illuminate,keen-eye,analytic,147,270,11,60,85,69,60,69,77,3735124
weavile,461,pressure,pickpocket,,179,340,11,70,120,65,45,85,125,1146739
weedle,13,shield-dust,run-away,,39,32,3,40,35,30,20,20,50,6603242
weepinbell,70,chlorophyll,gluttony,,137,64,10,65,90,50,85,45,55,6922392
weezing,110,levitate,neutralizing-gas,stench,172,95,12,65,90,120,85,70,60,725561
weezing-galar,10167,levitate,neutralizing-gas,misty-surge,172,160,30,65,90,120,85,70,60,6325472
whimsicott,547,prankster,infiltrator,chlorophyll,168,66,7,60,67,85,77,75,116,2138429
whirlipede,544,poison-point,swarm,speed-boost,126,585,12,40,55,99,40,79,47,7844589
whiscash,340,oblivious,anticipation,hydration,164,236,9,110,78,73,76,71,60,8681581
whismur,293,soundproof,rattled,,48,163,6,64,51,23,51,23,28,4730543
wigglytuff,40,cute-charm,competitive,frisk,218,120,10,140,70,45,85,50,45,8976479
wimpod,767,wimp-out,,,46,120,5,25,35,40,20,30,80,5452969
wingull,278,keen-eye,hydration,rain-dish,54,95,6,40,30,30,55,30,85,3978301
wishiwashi,,,,,,,,,,,,,5281036
wishiwashi-school,10127,schooling,,,217,786,82,45,140,130,140,135,30,7422108
wobbuffet,202,shadow-tag,telepathy,,142,285,13,190,33,58,33,58,33,4979175
woobat,527,unaware,klutz,simple,65,21,4,65,45,43,55,43,72,136544
wooloo,831,fluffy,run-away,bulletproof,122,60,6,42,40,55,40,45,48,7660647
wooper,194,damp,water-absorb,unaware,42,85,4,55,45,45,25,25,15,4157504
wormadam,,,,,,,,,,,,,4137460
wormadam-sandy,10004,anticipation,overcoat,,148,65,5,60,79,105,59,85,36,6615621
wormadam-trash,10005,anticipation,overcoat,,148,65,5,60,69,95,69,95,36,5402390
wurmple,265,shield-dust,run-away,,56,36,3,45,45,35,20,30,20,3382006
wynaut,360,shadow-tag,telepathy,,52,140,6,95,23,48,23,48,23,6012578
wyrdeer,899,intimidate,frisk,sap-sipper,0,951,18,103,105,72,105,75,65,5995355
xatu,178,synchronize,early-bird,magic-bounce,165,150,15,65,75,70,95,70,95,8398415
xerneas,716,fairy-aura,,,340,2150,30,126,131,95,131,98,99,7771910
xerneas-active,,,,,,,,,,,,,8073384
xurkitree,796,beast-boost,,,285,1000,38,83,89,71,173,71,83,3262993
yamask,562,mummy,,,61,15,5,38,30,85,55,65,30,8165478
yamask-galar,10179,wandering-spirit,,,61,15,5,38,55,85,30,65,30,8501982
yamper,835,ball-fetch,rattled,,54,135,3,59,45,50,40,50,26,7521666
yanma,193,speed-boost,compound-eyes,frisk,78,380,12,65,65,45,75,45,95,7574877
yanmega,469,speed-boost,tinted-lens,frisk,180,515,19,86,76,86,116,56,95,9353142
yungoos,734,stakeout,strong-jaw,adaptability,51,60,4,48,70,30,30,30,45,2500857
yveltal,717,dark-aura,,,340,2030,58,126,131,95,131,98,99,1212821
zacian,888,intrepid-sword,,,335,1100,28,92,130,115,80,115,138,1482860
zacian-crowned,10188,intrepid-sword,,,360,3550,28,92,170,115,80,115,148,4689536
zamazenta,889,dauntless-shield,,,335,2100,29,92,130,115,80,115,138,186613
zamazenta-crowned,10189,dauntless-shield,,,360,7850,29,92,130,145,80,145,128,8605385
zangoose,335,immunity,toxic-boost,,160,403,13,73,115,60,60,60,90,584583
zapdos,145,pressure,static,,290,526,16,90,90,85,125,90,100,3054295
zapdos-galar,10170,defiant,,,290,582,16,90,125,90,85,90,100,4291575
zarude,893,leaf-guard,,,300,700,18,105,120,105,70,95,105,862001
zarude-dada,10192,leaf-guard,,,300,700,18,105,120,105,70,95,105,5325420
zebstrika,523,lightning-rod,motor-drive,sap-sipper,174,795,16,75,100,63,80,63,116,9073538
zekrom,644,teravolt,,,340,3450,29,100,150,120,120,100,90,9771623
zeraora,807,volt-absorb,,,300,445,15,88,112,75,102,80,143,5059444
zigzagoon,263,pickup,gluttony,quick-feet,56,175,4,38,30,41,30,41,60,8543663
zigzagoon-galar,10174,pickup,gluttony,quick-feet,56,175,4,38,30,41,30,41,60,5176103
zoroark,571,illusion,,,179,811,16,60,105,60,120,60,105,2919184
zoroark-hisui,10239,illusion,,,0,730,16,55,100,60,125,60,110,4467414
zorua,570,illusion,,,66,125,7,40,65,40,80,40,65,8765954
zorua-hisui,10238,illusion,,,0,125,7,35,60,40,85,40,70,7793942
zubat,41,inner-focus,infiltrator,,49,75,8,40,45,35,30,40,55,2773114
zweilous,634,hustle,,,147,500,14,72,85,70,65,70,58,6131180
zygarde,,,,,,,,,,,,,1612218
zygarde-10,10181,aura-break,,,243,335,12,54,100,71,61,85,115,9515255
zygarde-complete,10120,power-construct,,,354,6100,45,216,100,121,91,95,85,4819711
